,task,session,count,speaker,tama_mean,entrainment,best_lag,hitid,session,task,conversation_awkward,flow_naturally,hard_time_understanding_each_other,engaged_in_game,trying_to_be_liked,bored_with_game,likes_the_other_person_more,more_frustrated,making_self_clear,acting_superior,trying_to_dominate,rather_have_as_a_partner,more_polite,directing_the_conversation,like_more,gives_encouragement,believes_is_better_than_partner,planning_what_to_say,contributes_to_successful_completion,polite,dislikes_partner,difficult_for_partner_to_speak,frustrated_with_partner,directs_the_conversation,frustrated_with_game,dominates_the_conversation
0,10.0,1.0,5.0,0.0,328.6141693615761,-0.2851777035173637,0.0,g1t10,1.0,10.0,2.0,4.0,3.0,5.0,1.0,0.0,3.0,0.0,5.0,1.0,0.0,4.0,1.0,2.0,5.0,5.0,2.0,3.0,5.0,5.0,0.0,1.0,0.0,2.0,0.0,0.0
1,10.0,1.0,6.0,1.0,333.3535073995493,-0.7612792633801078,2.0,g1t10,1.0,10.0,2.0,4.0,3.0,5.0,2.0,0.0,2.0,5.0,3.0,4.0,4.0,1.0,4.0,3.0,0.0,2.0,2.0,0.0,3.0,5.0,1.0,2.0,3.0,3.0,3.0,5.0
2,12.0,1.0,7.0,0.0,189.55839158821482,0.5207632340228638,0.0,g1t12,1.0,12.0,1.0,3.0,4.0,5.0,1.0,1.0,2.0,1.0,5.0,2.0,0.0,3.0,2.0,1.0,3.0,5.0,0.0,3.0,5.0,4.0,0.0,0.0,2.0,0.0,1.0,0.0
3,12.0,1.0,7.0,1.0,307.6690086207475,0.5207632340228638,0.0,g1t12,1.0,12.0,1.0,3.0,4.0,5.0,2.0,0.0,3.0,4.0,2.0,3.0,2.0,2.0,3.0,4.0,2.0,4.0,1.0,4.0,4.0,5.0,1.0,3.0,2.0,5.0,2.0,5.0
4,13.0,1.0,6.0,0.0,262.5717593689788,0.6343364374354917,1.0,g1t13,1.0,13.0,4.0,0.0,3.0,4.0,3.0,2.0,4.0,0.0,4.0,1.0,1.0,4.0,1.0,3.0,4.0,5.0,1.0,3.0,4.0,5.0,1.0,1.0,2.0,3.0,2.0,2.0
5,13.0,1.0,6.0,1.0,254.59930549806973,0.38665468434456585,0.0,g1t13,1.0,13.0,4.0,0.0,3.0,5.0,0.0,0.0,1.0,5.0,3.0,4.0,5.0,1.0,4.0,2.0,1.0,4.0,2.0,1.0,3.0,1.0,0.0,4.0,4.0,2.0,4.0,3.0
6,3.0,2.0,6.0,0.0,392.7860062584034,0.6639738751500273,2.0,g2t3,2.0,3.0,2.0,5.0,3.0,4.0,2.0,0.0,4.0,1.0,5.0,2.0,0.0,5.0,0.0,4.0,5.0,5.0,1.0,2.0,5.0,5.0,0.0,0.0,1.0,4.0,0.0,5.0
7,3.0,2.0,6.0,1.0,141.60401707820841,-0.5654083499554982,0.0,g2t3,2.0,3.0,2.0,5.0,3.0,5.0,0.0,0.0,1.0,4.0,4.0,3.0,2.0,0.0,5.0,1.0,0.0,3.0,2.0,1.0,4.0,4.0,3.0,1.0,2.0,1.0,1.0,0.0
8,4.0,2.0,23.0,0.0,404.0583866938022,-0.27766903645990754,2.0,g2t4,2.0,4.0,2.0,4.0,2.0,5.0,4.0,0.0,2.0,1.0,4.0,2.0,1.0,2.0,1.0,2.0,3.0,4.0,0.0,4.0,4.0,5.0,0.0,0.0,1.0,2.0,1.0,4.0
9,4.0,2.0,19.0,1.0,177.19404359370574,-0.4726952100492699,1.0,g2t4,2.0,4.0,2.0,4.0,2.0,3.0,2.0,2.0,3.0,4.0,4.0,3.0,2.0,3.0,4.0,3.0,2.0,4.0,2.0,3.0,4.0,3.0,1.0,1.0,2.0,3.0,1.0,1.0
10,7.0,2.0,8.0,0.0,353.36321832884084,-0.339365201170204,1.0,g2t7,2.0,7.0,0.0,5.0,0.0,5.0,2.0,0.0,3.0,4.0,5.0,0.0,0.0,2.0,3.0,1.0,2.0,4.0,0.0,3.0,5.0,5.0,0.0,1.0,0.0,0.0,1.0,1.0
11,7.0,2.0,8.0,1.0,267.92923703602975,-0.7736153843482141,2.0,g2t7,2.0,7.0,0.0,5.0,0.0,5.0,3.0,1.0,2.0,1.0,5.0,5.0,1.0,3.0,2.0,4.0,3.0,5.0,0.0,5.0,5.0,5.0,0.0,0.0,0.0,3.0,0.0,4.0
12,8.0,2.0,57.0,0.0,387.1779915295761,0.2331797509302659,5.0,g2t8,2.0,8.0,2.0,5.0,4.0,5.0,5.0,0.0,4.0,2.0,2.0,0.0,1.0,2.0,2.0,1.0,3.0,4.0,0.0,2.0,2.0,5.0,0.0,0.0,1.0,0.0,0.0,0.0
13,8.0,2.0,52.0,1.0,261.73356288261476,0.2408091775210301,2.0,g2t8,2.0,8.0,2.0,5.0,4.0,5.0,2.0,2.0,1.0,3.0,4.0,5.0,2.0,3.0,3.0,4.0,2.0,3.0,4.0,4.0,5.0,4.0,1.0,1.0,4.0,4.0,2.0,5.0
14,10.0,2.0,28.0,0.0,358.544998993626,-0.11589313106221043,5.0,g2t10,2.0,10.0,2.0,4.0,3.0,5.0,5.0,1.0,3.0,2.0,3.0,1.0,0.0,4.0,1.0,2.0,5.0,5.0,0.0,1.0,5.0,5.0,0.0,0.0,0.0,2.0,3.0,1.0
15,10.0,2.0,28.0,1.0,205.25071273123797,-0.40888715502573714,4.0,g2t10,2.0,10.0,2.0,4.0,3.0,3.0,4.0,2.0,2.0,3.0,1.0,4.0,3.0,1.0,4.0,3.0,0.0,2.0,2.0,3.0,3.0,5.0,2.0,1.0,3.0,4.0,4.0,4.0
16,11.0,2.0,9.0,0.0,362.5235384809418,-0.4844333361615116,1.0,g2t11,2.0,11.0,2.0,4.0,2.0,5.0,2.0,0.0,5.0,2.0,5.0,2.0,0.0,5.0,1.0,5.0,3.0,3.0,0.0,5.0,5.0,5.0,0.0,0.0,1.0,5.0,0.0,5.0
17,11.0,2.0,6.0,1.0,227.97152611429973,0.5041341898406397,1.0,g2t11,2.0,11.0,2.0,4.0,2.0,1.0,0.0,4.0,0.0,3.0,4.0,3.0,0.0,0.0,4.0,0.0,2.0,3.0,2.0,1.0,3.0,3.0,1.0,0.0,1.0,0.0,0.0,0.0
18,12.0,2.0,8.0,0.0,334.76268769953145,0.31651429582876184,3.0,g2t12,2.0,12.0,2.0,3.0,2.0,5.0,1.0,1.0,2.0,4.0,5.0,2.0,2.0,2.0,4.0,1.0,1.0,5.0,1.0,5.0,5.0,4.0,1.0,1.0,1.0,1.0,0.0,2.0
19,12.0,2.0,11.0,1.0,178.84640040458996,0.788555603711787,1.0,g2t12,2.0,12.0,2.0,3.0,2.0,3.0,2.0,2.0,3.0,1.0,2.0,3.0,1.0,3.0,1.0,4.0,4.0,5.0,0.0,2.0,5.0,5.0,0.0,0.0,0.0,4.0,2.0,3.0
20,13.0,2.0,15.0,0.0,354.20965426826837,-0.1705333725378928,1.0,g2t13,2.0,13.0,2.0,3.0,2.0,4.0,1.0,0.0,5.0,2.0,5.0,3.0,3.0,5.0,0.0,5.0,5.0,4.0,0.0,3.0,4.0,4.0,1.0,1.0,2.0,5.0,3.0,5.0
21,13.0,2.0,7.0,1.0,282.8019273337145,0.4334291301041422,5.0,g2t13,2.0,13.0,2.0,3.0,2.0,3.0,0.0,3.0,0.0,3.0,4.0,2.0,0.0,0.0,5.0,0.0,0.0,1.0,2.0,0.0,1.0,3.0,4.0,0.0,3.0,1.0,2.0,0.0
22,14.0,2.0,9.0,0.0,363.6264035367898,-0.5029772651752397,1.0,g2t14,2.0,14.0,1.0,5.0,3.0,5.0,0.0,1.0,4.0,5.0,4.0,1.0,1.0,3.0,2.0,3.0,3.0,1.0,0.0,0.0,5.0,5.0,0.0,0.0,1.0,4.0,5.0,3.0
23,14.0,2.0,9.0,1.0,217.51449742397782,-0.460127527970148,4.0,g2t14,2.0,14.0,1.0,5.0,3.0,2.0,0.0,4.0,1.0,0.0,5.0,4.0,0.0,2.0,3.0,2.0,2.0,2.0,1.0,4.0,5.0,5.0,2.0,0.0,1.0,0.0,0.0,2.0
24,1.0,3.0,16.0,0.0,282.2623067778155,0.37430036983997883,6.0,g3t1,3.0,1.0,1.0,4.0,3.0,5.0,2.0,0.0,3.0,2.0,3.0,4.0,1.0,3.0,2.0,4.0,4.0,3.0,0.0,4.0,4.0,4.0,0.0,2.0,0.0,4.0,1.0,5.0
25,1.0,3.0,15.0,1.0,232.73464751225808,0.2764819421632744,4.0,g3t1,3.0,1.0,1.0,4.0,3.0,5.0,2.0,1.0,2.0,3.0,5.0,1.0,0.0,2.0,3.0,1.0,1.0,4.0,0.0,5.0,5.0,5.0,0.0,0.0,1.0,0.0,0.0,0.0
26,4.0,3.0,11.0,0.0,274.84733622778344,0.7408004297910842,0.0,g3t4,3.0,4.0,2.0,2.0,2.0,5.0,0.0,0.0,4.0,3.0,3.0,5.0,4.0,0.0,5.0,5.0,1.0,4.0,0.0,3.0,5.0,2.0,0.0,4.0,1.0,5.0,3.0,5.0
27,4.0,3.0,10.0,1.0,230.38938252004473,0.7408004297910842,0.0,g3t4,3.0,4.0,2.0,2.0,2.0,5.0,0.0,1.0,1.0,2.0,5.0,0.0,0.0,5.0,0.0,0.0,4.0,5.0,0.0,2.0,5.0,5.0,1.0,1.0,1.0,0.0,1.0,0.0
28,8.0,3.0,7.0,0.0,256.59917210447577,0.5528099839336672,0.0,g3t8,3.0,8.0,4.0,4.0,2.0,4.0,3.0,2.0,3.0,1.0,4.0,1.0,1.0,2.0,2.0,2.0,2.0,4.0,3.0,2.0,4.0,4.0,1.0,1.0,1.0,2.0,1.0,0.0
29,8.0,3.0,12.0,1.0,300.49782847001575,0.5528099839336672,0.0,g3t8,3.0,8.0,4.0,4.0,2.0,4.0,1.0,2.0,2.0,4.0,4.0,4.0,2.0,3.0,3.0,3.0,3.0,2.0,2.0,3.0,5.0,5.0,1.0,1.0,4.0,4.0,3.0,5.0
30,10.0,3.0,12.0,0.0,304.0035835815702,-0.22884931938736836,2.0,g3t10,3.0,10.0,1.0,4.0,1.0,5.0,1.0,0.0,2.0,3.0,5.0,1.0,0.0,3.0,1.0,0.0,4.0,3.0,0.0,3.0,5.0,4.0,0.0,0.0,1.0,0.0,0.0,1.0
31,10.0,3.0,20.0,1.0,287.9951172385653,0.43674069518857783,3.0,g3t10,3.0,10.0,1.0,4.0,1.0,5.0,0.0,0.0,3.0,2.0,4.0,4.0,2.0,2.0,4.0,5.0,1.0,3.0,1.0,2.0,5.0,5.0,1.0,1.0,0.0,4.0,0.0,4.0
32,12.0,3.0,10.0,0.0,316.13137495189875,-0.2771558681536424,4.0,g3t12,3.0,12.0,0.0,3.0,1.0,4.0,2.0,1.0,3.0,4.0,4.0,2.0,0.0,0.0,5.0,0.0,0.0,3.0,1.0,3.0,5.0,5.0,0.0,0.0,0.0,0.0,1.0,0.0
33,12.0,3.0,16.0,1.0,247.8543821291684,0.43305640799542655,4.0,g3t12,3.0,12.0,0.0,3.0,1.0,5.0,2.0,0.0,2.0,1.0,5.0,3.0,2.0,5.0,0.0,5.0,5.0,3.0,1.0,4.0,5.0,4.0,1.0,1.0,1.0,5.0,1.0,5.0
34,13.0,3.0,13.0,0.0,289.6061704422113,0.7127550813331844,0.0,g3t13,3.0,13.0,4.0,3.0,3.0,5.0,3.0,0.0,2.0,3.0,5.0,4.0,1.0,3.0,2.0,5.0,4.0,4.0,2.0,4.0,4.0,3.0,2.0,0.0,2.0,5.0,1.0,5.0
35,13.0,3.0,11.0,1.0,252.267812193993,0.7127550813331844,0.0,g3t13,3.0,13.0,4.0,3.0,3.0,4.0,1.0,2.0,3.0,2.0,5.0,1.0,0.0,2.0,3.0,0.0,1.0,3.0,0.0,4.0,4.0,5.0,1.0,0.0,1.0,0.0,1.0,0.0
36,3.0,4.0,10.0,0.0,198.25697336487065,0.4895652653786977,1.0,g4t3,4.0,3.0,0.0,5.0,1.0,5.0,3.0,0.0,1.0,5.0,5.0,1.0,1.0,2.0,2.0,4.0,2.0,5.0,0.0,5.0,5.0,5.0,1.0,0.0,1.0,4.0,1.0,3.0
37,3.0,4.0,7.0,1.0,317.99623984598446,-0.5195552748268875,1.0,g4t3,4.0,3.0,0.0,5.0,1.0,5.0,4.0,0.0,4.0,0.0,5.0,4.0,0.0,3.0,3.0,1.0,3.0,5.0,2.0,4.0,5.0,5.0,0.0,0.0,0.0,1.0,0.0,2.0
38,4.0,4.0,9.0,0.0,190.275095173724,0.6699721189989407,0.0,g4t4,4.0,4.0,3.0,3.0,1.0,3.0,2.0,2.0,2.0,4.0,3.0,4.0,2.0,2.0,3.0,2.0,1.0,2.0,0.0,3.0,5.0,5.0,0.0,1.0,1.0,4.0,4.0,4.0
39,4.0,4.0,7.0,1.0,391.1877429445732,0.6699721189989407,0.0,g4t4,4.0,4.0,3.0,3.0,1.0,5.0,3.0,0.0,3.0,1.0,5.0,1.0,0.0,3.0,2.0,3.0,4.0,3.0,0.0,3.0,5.0,5.0,0.0,0.0,1.0,1.0,1.0,1.0
40,5.0,4.0,6.0,0.0,155.75574855672053,0.42369272020047805,1.0,g4t5,4.0,5.0,2.0,3.0,0.0,4.0,1.0,0.0,1.0,1.0,4.0,0.0,0.0,1.0,2.0,0.0,2.0,3.0,0.0,1.0,4.0,5.0,0.0,0.0,0.0,0.0,0.0,0.0
41,5.0,4.0,10.0,1.0,246.66891747454918,0.5918692279661487,5.0,g4t5,4.0,5.0,2.0,3.0,0.0,5.0,1.0,0.0,4.0,4.0,4.0,5.0,5.0,4.0,3.0,5.0,3.0,3.0,1.0,0.0,5.0,3.0,0.0,4.0,1.0,4.0,2.0,5.0
42,7.0,4.0,10.0,0.0,236.31722850452346,-0.5038944693636446,2.0,g4t7,4.0,7.0,2.0,4.0,2.0,5.0,1.0,0.0,1.0,5.0,5.0,1.0,0.0,2.0,4.0,0.0,1.0,3.0,0.0,4.0,5.0,5.0,0.0,0.0,0.0,0.0,0.0,0.0
43,7.0,4.0,14.0,1.0,324.07801168699996,-0.4125826190174984,1.0,g4t7,4.0,7.0,2.0,4.0,2.0,5.0,2.0,0.0,4.0,0.0,5.0,4.0,1.0,3.0,1.0,5.0,4.0,3.0,0.0,3.0,5.0,5.0,0.0,0.0,0.0,5.0,0.0,5.0
44,8.0,4.0,19.0,0.0,222.75140069610038,-0.39968081591363125,3.0,g4t8,4.0,8.0,3.0,2.0,2.0,3.0,2.0,0.0,2.0,3.0,3.0,0.0,0.0,3.0,1.0,0.0,4.0,1.0,0.0,3.0,3.0,5.0,2.0,0.0,2.0,0.0,4.0,0.0
45,8.0,4.0,24.0,1.0,367.7008250153547,-0.2994122283408396,4.0,g4t8,4.0,8.0,3.0,2.0,2.0,4.0,1.0,1.0,3.0,2.0,3.0,5.0,5.0,2.0,4.0,5.0,1.0,4.0,4.0,2.0,5.0,2.0,1.0,4.0,1.0,5.0,0.0,5.0
46,9.0,4.0,9.0,0.0,229.85089333138245,0.7664518174489926,1.0,g4t9,4.0,9.0,0.0,5.0,0.0,5.0,4.0,1.0,3.0,1.0,4.0,2.0,1.0,3.0,0.0,5.0,4.0,4.0,1.0,4.0,5.0,5.0,0.0,0.0,0.0,5.0,0.0,5.0
47,9.0,4.0,8.0,1.0,203.41751444319328,-0.5659933159350395,1.0,g4t9,4.0,9.0,0.0,5.0,0.0,5.0,2.0,1.0,2.0,4.0,5.0,3.0,0.0,2.0,5.0,0.0,1.0,4.0,0.0,0.0,5.0,5.0,0.0,0.0,1.0,0.0,2.0,0.0
48,10.0,4.0,25.0,0.0,219.70763947709418,-0.43368957532061336,4.0,g4t10,4.0,10.0,2.0,4.0,0.0,5.0,3.0,0.0,3.0,2.0,5.0,1.0,1.0,3.0,1.0,2.0,3.0,4.0,0.0,3.0,5.0,5.0,0.0,1.0,2.0,2.0,3.0,1.0
49,10.0,4.0,27.0,1.0,323.3373018638664,-0.3937180633996652,5.0,g4t10,4.0,10.0,2.0,4.0,0.0,2.0,2.0,2.0,2.0,3.0,5.0,4.0,3.0,2.0,4.0,3.0,2.0,4.0,2.0,3.0,5.0,4.0,1.0,0.0,3.0,3.0,0.0,4.0
50,11.0,4.0,12.0,0.0,285.75194631385284,0.5524469555952392,3.0,g4t11,4.0,11.0,0.0,4.0,2.0,5.0,0.0,0.0,4.0,2.0,4.0,1.0,2.0,1.0,3.0,5.0,2.0,4.0,1.0,2.0,4.0,5.0,1.0,1.0,1.0,5.0,2.0,5.0
51,11.0,4.0,10.0,1.0,366.2955960710091,-0.508584259860493,3.0,g4t11,4.0,11.0,0.0,4.0,2.0,5.0,0.0,0.0,1.0,3.0,3.0,4.0,0.0,4.0,2.0,0.0,3.0,3.0,4.0,2.0,5.0,4.0,2.0,1.0,2.0,0.0,1.0,0.0
52,12.0,4.0,10.0,0.0,278.2983756808644,0.25459068330114987,5.0,g4t12,4.0,12.0,1.0,3.0,2.0,3.0,2.0,2.0,2.0,3.0,4.0,1.0,1.0,0.0,1.0,0.0,3.0,4.0,1.0,2.0,3.0,4.0,1.0,1.0,3.0,1.0,2.0,0.0
53,12.0,4.0,22.0,1.0,313.3999261852136,-0.29358462452682654,2.0,g4t12,4.0,12.0,1.0,3.0,2.0,3.0,2.0,1.0,3.0,2.0,5.0,4.0,3.0,5.0,4.0,5.0,2.0,4.0,0.0,4.0,5.0,2.0,0.0,2.0,0.0,5.0,0.0,5.0
54,13.0,4.0,16.0,0.0,284.6313752751034,-0.6610372476997367,4.0,g4t13,4.0,13.0,0.0,5.0,1.0,5.0,1.0,0.0,2.0,4.0,5.0,2.0,0.0,1.0,3.0,4.0,1.0,3.0,0.0,4.0,5.0,5.0,1.0,1.0,1.0,4.0,2.0,5.0
55,13.0,4.0,15.0,1.0,301.49736864734257,0.20779724966408394,3.0,g4t13,4.0,13.0,0.0,5.0,1.0,5.0,5.0,0.0,3.0,1.0,5.0,3.0,0.0,4.0,2.0,1.0,4.0,3.0,0.0,3.0,5.0,5.0,0.0,0.0,0.0,1.0,0.0,0.0
56,3.0,5.0,9.0,0.0,239.10640425829564,0.5555430677590516,1.0,g5t3,5.0,3.0,3.0,2.0,0.0,5.0,3.0,2.0,3.0,4.0,2.0,3.0,1.0,1.0,4.0,2.0,1.0,3.0,1.0,1.0,3.0,5.0,0.0,0.0,0.0,2.0,2.0,4.0
57,3.0,5.0,8.0,1.0,308.1017950357404,0.4709192082639661,0.0,g5t3,5.0,3.0,3.0,2.0,0.0,5.0,3.0,0.0,2.0,1.0,4.0,2.0,0.0,4.0,1.0,3.0,4.0,3.0,2.0,4.0,5.0,5.0,1.0,0.0,0.0,2.0,0.0,1.0
58,4.0,5.0,9.0,0.0,227.18034812123764,-0.7653450839960001,5.0,g5t4,5.0,4.0,2.0,4.0,1.0,5.0,0.0,1.0,0.0,2.0,5.0,5.0,3.0,4.0,2.0,5.0,3.0,5.0,1.0,4.0,5.0,5.0,2.0,1.0,2.0,5.0,2.0,4.0
59,4.0,5.0,8.0,1.0,225.7448793891125,0.09435245687661376,2.0,g5t4,5.0,4.0,2.0,4.0,1.0,3.0,3.0,2.0,5.0,3.0,3.0,0.0,0.0,1.0,3.0,0.0,2.0,3.0,0.0,2.0,4.0,5.0,0.0,0.0,1.0,0.0,1.0,1.0
60,9.0,5.0,16.0,0.0,278.41278532912054,0.3951511217084458,5.0,g5t9,5.0,9.0,4.0,3.0,5.0,4.0,0.0,1.0,2.0,2.0,2.0,3.0,2.0,2.0,4.0,5.0,1.0,2.0,2.0,1.0,3.0,3.0,1.0,2.0,3.0,5.0,3.0,5.0
61,9.0,5.0,12.0,1.0,291.3644888798277,0.4487376612291219,2.0,g5t9,5.0,9.0,4.0,3.0,5.0,4.0,1.0,1.0,3.0,3.0,4.0,2.0,0.0,3.0,1.0,0.0,4.0,2.0,1.0,2.0,5.0,4.0,1.0,0.0,2.0,0.0,2.0,0.0
62,11.0,5.0,8.0,0.0,297.47921692776396,-0.6655062275904461,1.0,g5t11,5.0,11.0,0.0,5.0,1.0,5.0,0.0,0.0,2.0,3.0,4.0,4.0,3.0,4.0,2.0,4.0,3.0,5.0,2.0,4.0,5.0,3.0,0.0,1.0,2.0,4.0,1.0,5.0
63,11.0,5.0,7.0,1.0,233.1840099407294,0.5308706000681959,2.0,g5t11,5.0,11.0,0.0,5.0,1.0,5.0,2.0,1.0,3.0,2.0,4.0,1.0,0.0,1.0,3.0,1.0,2.0,4.0,1.0,1.0,5.0,4.0,1.0,1.0,1.0,1.0,0.0,0.0
64,13.0,5.0,14.0,0.0,269.0421268888389,0.3817054530193223,2.0,g5t13,5.0,13.0,4.0,2.0,1.0,5.0,1.0,2.0,3.0,4.0,4.0,5.0,2.0,3.0,4.0,5.0,1.0,2.0,0.0,4.0,4.0,5.0,0.0,2.0,2.0,5.0,2.0,5.0
65,13.0,5.0,12.0,1.0,355.1927965036418,-0.5232146263673656,4.0,g5t13,5.0,13.0,4.0,2.0,1.0,3.0,1.0,1.0,2.0,1.0,3.0,0.0,0.0,2.0,1.0,0.0,4.0,3.0,0.0,2.0,4.0,5.0,0.0,0.0,1.0,0.0,1.0,0.0
66,14.0,5.0,6.0,0.0,182.91640587280372,-0.2091253288497224,5.0,g5t14,5.0,14.0,2.0,2.0,4.0,1.0,2.0,3.0,2.0,2.0,3.0,1.0,0.0,1.0,2.0,0.0,2.0,2.0,1.0,2.0,0.0,5.0,0.0,0.0,2.0,0.0,3.0,0.0
67,14.0,5.0,12.0,1.0,259.8955352025962,-0.5992781752689841,5.0,g5t14,5.0,14.0,2.0,2.0,4.0,4.0,3.0,1.0,3.0,3.0,5.0,4.0,3.0,4.0,3.0,5.0,3.0,3.0,1.0,4.0,5.0,5.0,0.0,1.0,4.0,5.0,2.0,5.0
68,3.0,6.0,8.0,0.0,260.6242664904045,-0.6353204118652985,2.0,g6t3,6.0,3.0,3.0,3.0,1.0,5.0,4.0,0.0,5.0,4.0,5.0,5.0,2.0,4.0,2.0,5.0,5.0,3.0,1.0,4.0,5.0,5.0,0.0,0.0,1.0,5.0,1.0,5.0
69,3.0,6.0,5.0,1.0,164.96148685378995,0.3542983347734503,2.0,g6t3,6.0,3.0,3.0,3.0,1.0,2.0,2.0,4.0,0.0,1.0,1.0,0.0,0.0,1.0,3.0,0.0,0.0,1.0,0.0,1.0,1.0,4.0,1.0,0.0,1.0,0.0,1.0,0.0
70,4.0,6.0,12.0,0.0,236.57457729634652,0.5632667687291864,6.0,g6t4,6.0,4.0,4.0,1.0,4.0,4.0,3.0,1.0,5.0,1.0,3.0,1.0,2.0,3.0,0.0,4.0,4.0,4.0,1.0,1.0,2.0,4.0,1.0,0.0,2.0,4.0,2.0,4.0
71,4.0,6.0,5.0,1.0,195.67658794623503,-0.4196992411679209,2.0,g6t4,6.0,4.0,4.0,1.0,4.0,0.0,0.0,5.0,0.0,4.0,5.0,4.0,0.0,2.0,5.0,1.0,1.0,2.0,4.0,3.0,3.0,2.0,4.0,0.0,4.0,1.0,2.0,1.0
72,5.0,6.0,7.0,0.0,222.6126734386448,-0.2589260184038749,4.0,g6t5,6.0,5.0,2.0,1.0,2.0,5.0,2.0,1.0,3.0,1.0,5.0,3.0,0.0,5.0,2.0,0.0,5.0,5.0,1.0,2.0,5.0,5.0,0.0,0.0,0.0,0.0,0.0,0.0
73,5.0,6.0,15.0,1.0,218.649110018767,0.22346233496289122,3.0,g6t5,6.0,5.0,2.0,1.0,2.0,4.0,1.0,1.0,2.0,4.0,3.0,2.0,1.0,0.0,3.0,5.0,0.0,3.0,1.0,3.0,3.0,4.0,1.0,0.0,2.0,5.0,3.0,5.0
74,6.0,6.0,12.0,0.0,181.61305810018783,0.42311194204648545,1.0,g6t6,6.0,6.0,4.0,0.0,1.0,4.0,1.0,1.0,3.0,3.0,5.0,1.0,1.0,4.0,1.0,0.0,4.0,4.0,2.0,4.0,5.0,5.0,1.0,1.0,1.0,0.0,0.0,0.0
75,6.0,6.0,17.0,1.0,255.32950517807691,0.16240230543658943,5.0,g6t6,6.0,6.0,4.0,0.0,1.0,4.0,3.0,1.0,2.0,2.0,1.0,4.0,4.0,1.0,4.0,5.0,1.0,3.0,2.0,2.0,3.0,4.0,0.0,1.0,1.0,5.0,1.0,5.0
76,7.0,6.0,8.0,0.0,169.59791638998138,-0.48114982297402203,1.0,g6t7,6.0,7.0,1.0,4.0,0.0,4.0,3.0,1.0,0.0,4.0,4.0,2.0,0.0,3.0,1.0,0.0,4.0,5.0,1.0,3.0,5.0,5.0,0.0,0.0,0.0,0.0,0.0,0.0
77,7.0,6.0,9.0,1.0,291.7150373305184,0.29287020023873767,1.0,g6t7,6.0,7.0,1.0,4.0,0.0,5.0,3.0,2.0,5.0,1.0,4.0,3.0,3.0,2.0,4.0,5.0,1.0,4.0,0.0,3.0,4.0,5.0,0.0,1.0,0.0,4.0,0.0,5.0
78,8.0,6.0,14.0,0.0,292.46318121914175,-0.25268901609648087,2.0,g6t8,6.0,8.0,5.0,1.0,3.0,5.0,3.0,0.0,3.0,1.0,5.0,3.0,0.0,4.0,2.0,2.0,5.0,4.0,1.0,3.0,5.0,5.0,1.0,0.0,4.0,1.0,0.0,1.0
79,8.0,6.0,23.0,1.0,267.4020032701937,0.30780763643290504,5.0,g6t8,6.0,8.0,5.0,1.0,3.0,3.0,2.0,2.0,2.0,4.0,1.0,2.0,2.0,1.0,3.0,3.0,0.0,2.0,1.0,1.0,2.0,4.0,1.0,0.0,0.0,4.0,3.0,4.0
80,9.0,6.0,10.0,0.0,250.56532779055516,0.2877036571081041,2.0,g6t9,6.0,9.0,2.0,3.0,0.0,5.0,0.0,1.0,2.0,4.0,4.0,4.0,1.0,4.0,1.0,5.0,5.0,3.0,2.0,4.0,4.0,5.0,1.0,0.0,1.0,4.0,1.0,5.0
81,9.0,6.0,6.0,1.0,193.3065099281633,0.8222765397556574,4.0,g6t9,6.0,9.0,2.0,3.0,0.0,2.0,0.0,4.0,3.0,1.0,3.0,1.0,0.0,1.0,4.0,0.0,0.0,1.0,0.0,0.0,3.0,3.0,2.0,0.0,3.0,0.0,1.0,0.0
82,10.0,6.0,9.0,0.0,243.24120423862763,-0.5501474213622138,0.0,g6t10,6.0,10.0,1.0,4.0,1.0,5.0,3.0,0.0,2.0,3.0,5.0,2.0,0.0,4.0,3.0,0.0,3.0,4.0,1.0,4.0,5.0,5.0,0.0,1.0,1.0,0.0,1.0,0.0
83,10.0,6.0,15.0,1.0,240.96845678530383,-0.5501474213622138,0.0,g6t10,6.0,10.0,1.0,4.0,1.0,5.0,3.0,0.0,3.0,2.0,4.0,3.0,1.0,1.0,2.0,5.0,2.0,4.0,0.0,2.0,4.0,4.0,0.0,0.0,0.0,5.0,0.0,5.0
84,12.0,6.0,10.0,0.0,140.69067511224424,0.3257509513711782,4.0,g6t12,6.0,12.0,2.0,3.0,0.0,3.0,1.0,2.0,1.0,2.0,5.0,3.0,0.0,2.0,4.0,0.0,2.0,5.0,4.0,2.0,4.0,4.0,1.0,1.0,4.0,1.0,1.0,0.0
85,12.0,6.0,16.0,1.0,275.2940958097885,-0.17185493316899506,1.0,g6t12,6.0,12.0,2.0,3.0,0.0,5.0,4.0,0.0,4.0,3.0,5.0,2.0,1.0,3.0,1.0,5.0,3.0,5.0,0.0,4.0,5.0,5.0,0.0,1.0,0.0,5.0,0.0,5.0
86,3.0,7.0,8.0,0.0,396.2130499331448,-0.6255294097650981,1.0,g7t3,7.0,3.0,2.0,3.0,1.0,4.0,1.0,1.0,4.0,3.0,4.0,1.0,1.0,2.0,4.0,5.0,2.0,3.0,1.0,1.0,4.0,5.0,1.0,1.0,0.0,5.0,1.0,5.0
87,3.0,7.0,7.0,1.0,318.9276335786983,0.30276394353600095,0.0,g7t3,7.0,3.0,2.0,3.0,1.0,4.0,0.0,2.0,1.0,2.0,5.0,4.0,0.0,3.0,1.0,0.0,3.0,3.0,1.0,4.0,5.0,5.0,1.0,0.0,1.0,1.0,1.0,0.0
88,4.0,7.0,10.0,0.0,364.62690727482925,0.37024917368538485,1.0,g7t4,7.0,4.0,1.0,4.0,3.0,5.0,3.0,0.0,4.0,1.0,3.0,3.0,2.0,2.0,1.0,4.0,1.0,4.0,1.0,4.0,4.0,5.0,0.0,1.0,0.0,4.0,1.0,4.0
89,4.0,7.0,10.0,1.0,413.3343020386479,0.598754536743127,5.0,g7t4,7.0,4.0,1.0,4.0,3.0,5.0,1.0,0.0,1.0,4.0,5.0,2.0,0.0,3.0,4.0,1.0,4.0,2.0,1.0,3.0,5.0,5.0,1.0,0.0,2.0,1.0,1.0,1.0
90,5.0,7.0,18.0,0.0,378.1803451206712,0.32929583904339277,6.0,g7t5,7.0,5.0,5.0,2.0,5.0,4.0,5.0,0.0,4.0,1.0,1.0,0.0,0.0,1.0,0.0,0.0,3.0,1.0,0.0,0.0,2.0,5.0,0.0,2.0,2.0,0.0,2.0,0.0
91,5.0,7.0,18.0,1.0,312.26077658362084,-0.2734696089162752,1.0,g7t5,7.0,5.0,5.0,2.0,5.0,4.0,2.0,0.0,1.0,4.0,2.0,5.0,4.0,4.0,5.0,5.0,2.0,2.0,4.0,3.0,3.0,4.0,3.0,3.0,4.0,5.0,4.0,5.0
92,6.0,7.0,5.0,0.0,366.91226964811017,0.7179078255304817,1.0,g7t6,7.0,6.0,0.0,5.0,0.0,5.0,3.0,0.0,4.0,1.0,5.0,1.0,1.0,1.0,1.0,0.0,4.0,5.0,0.0,2.0,5.0,4.0,0.0,1.0,0.0,0.0,1.0,0.0
93,6.0,7.0,6.0,1.0,327.00039978190176,-0.5665632652638669,0.0,g7t6,7.0,6.0,0.0,5.0,0.0,5.0,2.0,0.0,1.0,4.0,5.0,4.0,2.0,4.0,4.0,5.0,1.0,4.0,1.0,4.0,5.0,5.0,0.0,1.0,1.0,4.0,0.0,5.0
94,8.0,7.0,7.0,0.0,333.71811790561617,-0.26789915975596407,1.0,g7t8,7.0,8.0,2.0,3.0,2.0,5.0,5.0,1.0,5.0,2.0,3.0,1.0,0.0,2.0,1.0,0.0,3.0,5.0,1.0,3.0,5.0,5.0,0.0,1.0,0.0,1.0,1.0,1.0
95,8.0,7.0,7.0,1.0,329.202568767244,0.36235700398272097,3.0,g7t8,7.0,8.0,2.0,3.0,2.0,5.0,3.0,1.0,0.0,3.0,4.0,4.0,2.0,3.0,4.0,5.0,2.0,5.0,0.0,4.0,5.0,5.0,1.0,0.0,1.0,4.0,0.0,4.0
96,9.0,7.0,13.0,0.0,409.70029174391107,-0.320669412604085,3.0,g7t9,7.0,9.0,2.0,3.0,5.0,4.0,3.0,0.0,4.0,2.0,0.0,2.0,0.0,1.0,2.0,4.0,2.0,4.0,0.0,0.0,2.0,5.0,0.0,2.0,1.0,5.0,3.0,5.0
97,9.0,7.0,12.0,1.0,292.8488099863027,0.6006944675903068,3.0,g7t9,7.0,9.0,2.0,3.0,5.0,4.0,0.0,2.0,1.0,3.0,4.0,3.0,1.0,4.0,3.0,1.0,3.0,4.0,2.0,2.0,4.0,4.0,1.0,1.0,4.0,1.0,1.0,0.0
98,10.0,7.0,8.0,0.0,377.0668523294163,0.23173275831621645,1.0,g7t10,7.0,10.0,1.0,4.0,1.0,5.0,5.0,0.0,4.0,5.0,4.0,0.0,0.0,3.0,1.0,0.0,4.0,5.0,1.0,3.0,5.0,3.0,0.0,2.0,1.0,0.0,1.0,0.0
99,10.0,7.0,8.0,1.0,345.74689308916504,-0.7261865024713727,1.0,g7t10,7.0,10.0,1.0,4.0,1.0,5.0,2.0,0.0,1.0,0.0,4.0,5.0,0.0,2.0,4.0,5.0,1.0,4.0,1.0,3.0,5.0,5.0,1.0,0.0,2.0,5.0,2.0,5.0
100,11.0,7.0,7.0,0.0,377.9817104250215,-0.7666622536650958,1.0,g7t11,7.0,11.0,0.0,5.0,2.0,5.0,3.0,0.0,4.0,2.0,4.0,5.0,2.0,3.0,2.0,5.0,3.0,3.0,1.0,3.0,5.0,4.0,0.0,1.0,2.0,5.0,1.0,5.0
101,11.0,7.0,5.0,1.0,361.1070363210616,0.3081250525160793,0.0,g7t11,7.0,11.0,0.0,5.0,2.0,5.0,3.0,0.0,1.0,3.0,5.0,0.0,0.0,2.0,3.0,0.0,2.0,3.0,0.0,4.0,5.0,5.0,0.0,0.0,0.0,0.0,1.0,0.0
102,12.0,7.0,9.0,0.0,352.5825669597054,-0.3240160660452353,3.0,g7t12,7.0,12.0,0.0,5.0,1.0,5.0,3.0,0.0,4.0,2.0,5.0,0.0,0.0,4.0,0.0,0.0,3.0,5.0,0.0,2.0,5.0,4.0,0.0,1.0,0.0,1.0,0.0,0.0
103,12.0,7.0,9.0,1.0,321.70586150892507,0.34550296877206177,1.0,g7t12,7.0,12.0,0.0,5.0,1.0,5.0,4.0,1.0,1.0,3.0,5.0,5.0,2.0,1.0,5.0,5.0,2.0,4.0,2.0,3.0,5.0,5.0,0.0,2.0,2.0,5.0,2.0,5.0
104,14.0,7.0,6.0,0.0,370.6753019977627,-0.8532534689954063,0.0,g7t14,7.0,14.0,1.0,4.0,0.0,5.0,5.0,0.0,4.0,4.0,5.0,1.0,0.0,0.0,2.0,0.0,2.0,5.0,0.0,3.0,5.0,4.0,0.0,1.0,0.0,0.0,0.0,0.0
105,14.0,7.0,6.0,1.0,319.1941961116185,-0.8532534689954063,0.0,g7t14,7.0,14.0,1.0,4.0,0.0,5.0,5.0,0.0,1.0,1.0,5.0,4.0,4.0,5.0,3.0,5.0,3.0,5.0,1.0,4.0,4.0,5.0,0.0,1.0,0.0,5.0,0.0,5.0
106,3.0,8.0,6.0,0.0,283.7800115990551,0.700135671285428,0.0,g8t3,8.0,3.0,1.0,4.0,2.0,5.0,4.0,0.0,2.0,4.0,3.0,4.0,2.0,1.0,4.0,5.0,1.0,4.0,0.0,4.0,5.0,4.0,1.0,2.0,0.0,5.0,1.0,5.0
107,3.0,8.0,5.0,1.0,273.8954647734044,0.700135671285428,0.0,g8t3,8.0,3.0,1.0,4.0,2.0,4.0,4.0,0.0,3.0,1.0,5.0,1.0,0.0,4.0,1.0,0.0,4.0,3.0,0.0,3.0,5.0,5.0,0.0,0.0,0.0,0.0,0.0,0.0
108,5.0,8.0,9.0,0.0,236.77000630081423,-0.6570708417380057,3.0,g8t5,8.0,5.0,2.0,4.0,1.0,3.0,3.0,1.0,2.0,3.0,3.0,2.0,2.0,1.0,2.0,1.0,3.0,4.0,1.0,2.0,2.0,4.0,0.0,2.0,0.0,2.0,1.0,0.0
109,5.0,8.0,11.0,1.0,302.3252719935106,-0.530248751833974,1.0,g8t5,8.0,5.0,2.0,4.0,1.0,5.0,3.0,0.0,3.0,2.0,5.0,3.0,1.0,4.0,3.0,4.0,2.0,4.0,0.0,4.0,5.0,5.0,0.0,0.0,2.0,4.0,1.0,5.0
110,6.0,8.0,7.0,0.0,226.04760711444808,-0.4100669383648695,2.0,g8t6,8.0,6.0,1.0,5.0,0.0,4.0,1.0,2.0,2.0,3.0,4.0,3.0,0.0,3.0,2.0,3.0,2.0,4.0,2.0,4.0,4.0,5.0,0.0,0.0,1.0,3.0,0.0,1.0
111,6.0,8.0,7.0,1.0,294.14647024764264,0.41437515499754657,2.0,g8t6,8.0,6.0,1.0,5.0,0.0,5.0,2.0,1.0,3.0,2.0,3.0,2.0,2.0,2.0,3.0,2.0,3.0,2.0,1.0,2.0,4.0,5.0,0.0,3.0,0.0,2.0,1.0,4.0
112,7.0,8.0,10.0,0.0,231.6479483597223,-0.18189624745548144,2.0,g8t7,8.0,7.0,2.0,3.0,3.0,5.0,2.0,0.0,1.0,3.0,3.0,3.0,2.0,2.0,4.0,0.0,1.0,5.0,1.0,2.0,3.0,4.0,0.0,1.0,2.0,0.0,2.0,1.0
113,7.0,8.0,10.0,1.0,301.66204224205694,-0.6420413648774012,5.0,g8t7,8.0,7.0,2.0,3.0,3.0,5.0,3.0,0.0,4.0,2.0,4.0,2.0,2.0,3.0,1.0,5.0,4.0,5.0,0.0,3.0,5.0,5.0,0.0,0.0,0.0,5.0,0.0,4.0
114,8.0,8.0,6.0,0.0,261.2500561588841,-0.6530340294094958,0.0,g8t8,8.0,8.0,2.0,2.0,1.0,4.0,2.0,1.0,4.0,3.0,4.0,2.0,1.0,1.0,4.0,1.0,2.0,4.0,2.0,2.0,2.0,3.0,1.0,1.0,1.0,2.0,1.0,1.0
115,8.0,8.0,6.0,1.0,324.66418337805027,-0.6530340294094958,0.0,g8t8,8.0,8.0,2.0,2.0,1.0,5.0,1.0,0.0,1.0,2.0,4.0,3.0,1.0,4.0,1.0,4.0,3.0,3.0,0.0,3.0,4.0,4.0,0.0,2.0,1.0,4.0,1.0,4.0
116,10.0,8.0,7.0,0.0,267.08560874285627,-0.7931513785673697,3.0,g8t10,8.0,10.0,4.0,0.0,2.0,4.0,4.0,0.0,2.0,3.0,5.0,2.0,0.0,2.0,2.0,2.0,3.0,4.0,1.0,2.0,4.0,5.0,0.0,0.0,1.0,2.0,1.0,1.0
117,10.0,8.0,9.0,1.0,293.1976361524375,-0.39515913029046584,2.0,g8t10,8.0,10.0,4.0,0.0,2.0,5.0,3.0,0.0,3.0,2.0,5.0,3.0,2.0,3.0,3.0,3.0,2.0,5.0,1.0,3.0,5.0,5.0,0.0,1.0,0.0,3.0,2.0,4.0
118,12.0,8.0,5.0,0.0,289.20501588102337,-0.4925730689246893,1.0,g8t12,8.0,12.0,2.0,3.0,2.0,5.0,4.0,0.0,4.0,4.0,5.0,2.0,0.0,1.0,3.0,0.0,1.0,5.0,0.0,3.0,5.0,5.0,0.0,1.0,0.0,0.0,0.0,0.0
119,12.0,8.0,7.0,1.0,316.3250036674327,-0.4071577915369831,0.0,g8t12,8.0,12.0,2.0,3.0,2.0,5.0,3.0,0.0,1.0,1.0,4.0,3.0,1.0,4.0,2.0,5.0,4.0,5.0,0.0,2.0,5.0,5.0,1.0,1.0,0.0,5.0,1.0,5.0
120,13.0,8.0,9.0,0.0,286.3423755721897,0.536672047418327,4.0,g8t13,8.0,13.0,3.0,1.0,3.0,4.0,1.0,0.0,0.0,2.0,3.0,5.0,1.0,2.0,5.0,4.0,0.0,2.0,3.0,2.0,5.0,5.0,1.0,1.0,1.0,5.0,0.0,5.0
121,13.0,8.0,10.0,1.0,265.3869941051968,-0.3991980090641548,0.0,g8t13,8.0,13.0,3.0,1.0,3.0,4.0,2.0,0.0,5.0,3.0,4.0,0.0,0.0,3.0,0.0,1.0,5.0,4.0,0.0,2.0,4.0,5.0,0.0,1.0,0.0,1.0,0.0,0.0
122,14.0,8.0,17.0,0.0,251.99290163906213,-0.25248909604298,2.0,g8t14,8.0,14.0,1.0,3.0,4.0,4.0,2.0,0.0,4.0,2.0,5.0,3.0,2.0,3.0,2.0,2.0,2.0,5.0,2.0,3.0,5.0,4.0,0.0,3.0,2.0,3.0,1.0,2.0
123,14.0,8.0,18.0,1.0,300.3965437881792,0.3339703749534663,2.0,g8t14,8.0,14.0,1.0,3.0,4.0,5.0,4.0,0.0,1.0,3.0,4.0,2.0,0.0,2.0,3.0,3.0,3.0,4.0,0.0,3.0,5.0,5.0,0.0,0.0,0.0,4.0,2.0,3.0
124,1.0,9.0,6.0,0.0,231.11188271967055,0.33325491829748866,0.0,g9t1,9.0,1.0,2.0,5.0,4.0,5.0,3.0,0.0,3.0,2.0,5.0,4.0,0.0,2.0,2.0,4.0,2.0,3.0,4.0,5.0,5.0,5.0,1.0,0.0,2.0,4.0,1.0,4.0
125,1.0,9.0,6.0,1.0,383.78719963221977,0.33325491829748866,0.0,g9t1,9.0,1.0,2.0,5.0,4.0,4.0,3.0,2.0,2.0,3.0,2.0,1.0,1.0,3.0,3.0,1.0,3.0,1.0,1.0,1.0,1.0,3.0,2.0,1.0,2.0,1.0,2.0,1.0
126,2.0,9.0,5.0,0.0,190.902199639658,0.7529622576752544,0.0,g9t2,9.0,2.0,2.0,3.0,1.0,5.0,2.0,0.0,4.0,1.0,5.0,5.0,2.0,3.0,1.0,5.0,3.0,4.0,0.0,3.0,5.0,5.0,0.0,0.0,0.0,5.0,0.0,5.0
127,2.0,9.0,5.0,1.0,314.86721661107,0.7529622576752544,0.0,g9t2,9.0,2.0,2.0,3.0,1.0,4.0,2.0,2.0,1.0,4.0,3.0,0.0,0.0,2.0,4.0,0.0,2.0,3.0,0.0,1.0,2.0,5.0,0.0,0.0,1.0,0.0,0.0,0.0
128,4.0,9.0,7.0,0.0,310.7453796466737,0.643384897823785,2.0,g9t4,9.0,4.0,3.0,5.0,3.0,5.0,2.0,1.0,3.0,2.0,3.0,5.0,2.0,3.0,2.0,5.0,3.0,5.0,2.0,1.0,4.0,5.0,2.0,1.0,3.0,5.0,2.0,5.0
129,4.0,9.0,7.0,1.0,336.5050888761152,-0.6065492487900741,0.0,g9t4,9.0,4.0,3.0,5.0,3.0,5.0,2.0,1.0,2.0,3.0,4.0,0.0,0.0,2.0,3.0,0.0,2.0,3.0,1.0,1.0,5.0,4.0,1.0,0.0,3.0,0.0,2.0,0.0
130,5.0,9.0,5.0,0.0,259.64646160557817,-0.7304643674496016,0.0,g9t5,9.0,5.0,1.0,5.0,2.0,4.0,3.0,1.0,3.0,3.0,5.0,2.0,1.0,3.0,1.0,1.0,2.0,3.0,1.0,3.0,4.0,4.0,1.0,0.0,2.0,1.0,2.0,1.0
131,5.0,9.0,5.0,1.0,288.9677413834303,-0.7304643674496016,0.0,g9t5,9.0,5.0,1.0,5.0,2.0,5.0,3.0,0.0,2.0,2.0,4.0,3.0,1.0,2.0,4.0,4.0,3.0,5.0,1.0,3.0,5.0,5.0,1.0,0.0,0.0,4.0,2.0,4.0
132,6.0,9.0,5.0,0.0,199.51461783366807,0.696262025383288,1.0,g9t6,9.0,6.0,2.0,3.0,3.0,4.0,4.0,2.0,3.0,1.0,3.0,0.0,1.0,1.0,2.0,0.0,1.0,4.0,1.0,1.0,4.0,4.0,1.0,2.0,0.0,0.0,0.0,0.0
133,6.0,9.0,5.0,1.0,272.61928339428084,0.5916681456948967,0.0,g9t6,9.0,6.0,2.0,3.0,3.0,4.0,2.0,1.0,2.0,4.0,3.0,5.0,3.0,4.0,3.0,5.0,4.0,4.0,4.0,2.0,5.0,5.0,1.0,2.0,2.0,3.0,1.0,5.0
134,7.0,9.0,10.0,0.0,273.2831846190856,-0.27190287021846,4.0,g9t7,9.0,7.0,1.0,5.0,3.0,4.0,2.0,1.0,2.0,3.0,4.0,2.0,0.0,2.0,2.0,2.0,1.0,4.0,0.0,2.0,4.0,5.0,0.0,0.0,0.0,1.0,1.0,0.0
135,7.0,9.0,10.0,1.0,307.94167377207305,0.41385154840755556,2.0,g9t7,9.0,7.0,1.0,5.0,3.0,5.0,4.0,0.0,3.0,2.0,3.0,3.0,1.0,3.0,3.0,3.0,4.0,4.0,2.0,1.0,4.0,5.0,0.0,1.0,1.0,3.0,2.0,5.0
136,9.0,9.0,7.0,0.0,247.76799295528835,-0.3663299709590393,3.0,g9t9,9.0,9.0,2.0,3.0,1.0,5.0,5.0,0.0,5.0,3.0,2.0,4.0,3.0,1.0,2.0,5.0,1.0,4.0,1.0,1.0,3.0,5.0,0.0,0.0,0.0,5.0,2.0,4.0
137,9.0,9.0,6.0,1.0,351.2614268183217,0.3455856466244996,2.0,g9t9,9.0,9.0,2.0,3.0,1.0,4.0,2.0,0.0,0.0,2.0,5.0,1.0,0.0,4.0,3.0,0.0,4.0,3.0,2.0,3.0,4.0,5.0,0.0,0.0,2.0,0.0,1.0,1.0
138,11.0,9.0,9.0,0.0,318.13360271538977,-0.5074891693785523,5.0,g9t11,9.0,11.0,1.0,4.0,3.0,4.0,2.0,0.0,4.0,1.0,2.0,4.0,1.0,2.0,1.0,5.0,3.0,3.0,1.0,2.0,3.0,5.0,1.0,0.0,1.0,5.0,2.0,4.0
139,11.0,9.0,9.0,1.0,321.6062501384838,0.3874781347895166,0.0,g9t11,9.0,11.0,1.0,4.0,3.0,4.0,1.0,2.0,1.0,4.0,3.0,1.0,0.0,3.0,4.0,0.0,2.0,3.0,1.0,0.0,2.0,3.0,1.0,0.0,3.0,0.0,3.0,1.0
140,13.0,9.0,11.0,0.0,252.96685001357477,-0.3869310827260589,5.0,g9t13,9.0,13.0,2.0,5.0,1.0,4.0,3.0,0.0,4.0,2.0,3.0,5.0,3.0,3.0,2.0,5.0,4.0,5.0,0.0,0.0,5.0,5.0,1.0,1.0,1.0,5.0,3.0,5.0
141,13.0,9.0,9.0,1.0,356.77114428273126,-0.26288238019227445,5.0,g9t13,9.0,13.0,2.0,5.0,1.0,4.0,3.0,2.0,1.0,3.0,5.0,0.0,0.0,2.0,3.0,0.0,1.0,4.0,0.0,3.0,4.0,5.0,2.0,0.0,0.0,0.0,3.0,0.0
142,14.0,9.0,5.0,0.0,245.84669474263998,0.3215471618498608,1.0,g9t14,9.0,14.0,2.0,5.0,0.0,4.0,3.0,1.0,1.0,3.0,4.0,2.0,0.0,3.0,1.0,1.0,1.0,5.0,1.0,2.0,4.0,5.0,1.0,0.0,1.0,1.0,0.0,0.0
143,14.0,9.0,9.0,1.0,306.6183674179135,-0.2936047492616838,2.0,g9t14,9.0,14.0,2.0,5.0,0.0,5.0,5.0,0.0,4.0,2.0,4.0,3.0,3.0,2.0,4.0,4.0,4.0,4.0,0.0,2.0,4.0,5.0,0.0,0.0,0.0,4.0,1.0,5.0
144,1.0,10.0,12.0,0.0,326.36503173512546,-0.6585873703065354,3.0,g10t1,10.0,1.0,1.0,5.0,0.0,5.0,2.0,0.0,3.0,1.0,4.0,5.0,0.0,5.0,3.0,5.0,4.0,3.0,0.0,4.0,5.0,5.0,0.0,0.0,1.0,5.0,1.0,5.0
145,1.0,10.0,13.0,1.0,349.09357190113786,-0.46226400696823455,3.0,g10t1,10.0,1.0,1.0,5.0,0.0,5.0,4.0,0.0,2.0,4.0,5.0,0.0,0.0,0.0,2.0,0.0,1.0,2.0,0.0,3.0,5.0,5.0,0.0,0.0,0.0,1.0,1.0,0.0
146,2.0,10.0,7.0,0.0,312.414773182152,-0.5926280873185721,0.0,g10t2,10.0,2.0,1.0,5.0,0.0,5.0,2.0,0.0,3.0,4.0,4.0,4.0,2.0,4.0,3.0,5.0,2.0,2.0,1.0,3.0,5.0,5.0,0.0,3.0,0.0,5.0,1.0,5.0
147,2.0,10.0,6.0,1.0,301.2317511688091,-0.5926280873185721,0.0,g10t2,10.0,2.0,1.0,5.0,0.0,4.0,2.0,1.0,2.0,1.0,3.0,1.0,0.0,1.0,2.0,0.0,3.0,4.0,0.0,1.0,2.0,5.0,0.0,0.0,0.0,0.0,0.0,0.0
148,3.0,10.0,15.0,0.0,301.75443335584947,-0.2435557417336388,6.0,g10t3,10.0,3.0,1.0,4.0,1.0,4.0,0.0,0.0,3.0,4.0,4.0,4.0,1.0,3.0,2.0,4.0,3.0,5.0,2.0,4.0,4.0,4.0,3.0,0.0,2.0,4.0,2.0,4.0
149,3.0,10.0,13.0,1.0,339.56073827819233,0.4839246154670417,2.0,g10t3,10.0,3.0,1.0,4.0,1.0,5.0,2.0,0.0,2.0,1.0,4.0,1.0,0.0,2.0,3.0,1.0,2.0,5.0,0.0,2.0,5.0,5.0,0.0,1.0,1.0,1.0,1.0,1.0
150,4.0,10.0,16.0,0.0,310.44178609954315,-0.3917757542644169,1.0,g10t4,10.0,4.0,3.0,4.0,4.0,4.0,2.0,1.0,2.0,2.0,1.0,5.0,2.0,2.0,3.0,5.0,2.0,2.0,3.0,3.0,3.0,2.0,1.0,3.0,2.0,5.0,4.0,5.0
151,4.0,10.0,15.0,1.0,326.16837790124737,-0.37902691867748406,0.0,g10t4,10.0,4.0,3.0,4.0,4.0,5.0,2.0,2.0,3.0,3.0,4.0,0.0,0.0,3.0,2.0,0.0,3.0,3.0,1.0,1.0,4.0,5.0,0.0,0.0,1.0,1.0,2.0,0.0
152,5.0,10.0,14.0,0.0,288.0719062536149,0.2610667762153606,5.0,g10t5,10.0,5.0,0.0,4.0,0.0,5.0,2.0,0.0,2.0,3.0,5.0,3.0,1.0,3.0,3.0,0.0,4.0,4.0,0.0,4.0,5.0,5.0,0.0,0.0,0.0,0.0,0.0,1.0
153,5.0,10.0,16.0,1.0,322.86507639118787,-0.49665181848892154,2.0,g10t5,10.0,5.0,0.0,4.0,0.0,5.0,3.0,1.0,3.0,2.0,5.0,2.0,0.0,2.0,2.0,5.0,1.0,4.0,0.0,3.0,5.0,5.0,0.0,0.0,0.0,5.0,0.0,4.0
154,6.0,10.0,6.0,0.0,293.16142518942667,0.5705309989598693,0.0,g10t6,10.0,6.0,1.0,5.0,1.0,4.0,3.0,1.0,4.0,3.0,4.0,0.0,0.0,3.0,0.0,0.0,3.0,4.0,0.0,2.0,4.0,5.0,0.0,0.0,0.0,0.0,1.0,0.0
155,6.0,10.0,8.0,1.0,374.8895345335654,-0.6134871166835083,4.0,g10t6,10.0,6.0,1.0,5.0,1.0,5.0,2.0,0.0,1.0,2.0,5.0,5.0,2.0,2.0,5.0,5.0,2.0,3.0,2.0,2.0,5.0,5.0,0.0,0.0,1.0,5.0,0.0,5.0
156,7.0,10.0,12.0,0.0,275.7616705263688,-0.49645811082809566,2.0,g10t7,10.0,7.0,1.0,4.0,1.0,5.0,3.0,0.0,3.0,3.0,5.0,2.0,0.0,2.0,3.0,1.0,2.0,2.0,2.0,4.0,5.0,5.0,1.0,0.0,1.0,1.0,2.0,1.0
157,7.0,10.0,13.0,1.0,312.3773896497693,0.4190305944886884,0.0,g10t7,10.0,7.0,1.0,4.0,1.0,5.0,2.0,0.0,2.0,2.0,4.0,3.0,2.0,3.0,2.0,4.0,3.0,2.0,2.0,4.0,5.0,5.0,1.0,1.0,0.0,4.0,1.0,4.0
158,8.0,10.0,19.0,0.0,329.7500347380408,0.35314015556259226,2.0,g10t8,10.0,8.0,1.0,5.0,2.0,5.0,2.0,0.0,3.0,2.0,5.0,2.0,1.0,2.0,3.0,2.0,3.0,4.0,0.0,3.0,4.0,5.0,0.0,0.0,1.0,2.0,2.0,2.0
159,8.0,10.0,19.0,1.0,323.43683018628764,-0.43213582223193436,1.0,g10t8,10.0,8.0,1.0,5.0,2.0,5.0,2.0,1.0,2.0,3.0,5.0,3.0,0.0,3.0,2.0,3.0,2.0,3.0,0.0,4.0,5.0,5.0,0.0,0.0,1.0,2.0,2.0,3.0
160,9.0,10.0,49.0,0.0,308.9889739016301,-0.11169881882225317,6.0,g10t9,10.0,9.0,2.0,5.0,3.0,4.0,1.0,1.0,3.0,0.0,5.0,4.0,0.0,5.0,1.0,5.0,3.0,4.0,0.0,3.0,5.0,4.0,0.0,0.0,1.0,5.0,0.0,5.0
161,9.0,10.0,48.0,1.0,340.45620252148126,0.26161370687419444,4.0,g10t9,10.0,9.0,2.0,5.0,3.0,3.0,2.0,1.0,2.0,5.0,3.0,1.0,0.0,0.0,4.0,0.0,2.0,2.0,0.0,3.0,3.0,4.0,0.0,0.0,1.0,0.0,5.0,0.0
162,10.0,10.0,43.0,0.0,302.93828935914,-0.2877061692039461,0.0,g10t10,10.0,10.0,2.0,4.0,4.0,4.0,0.0,0.0,0.0,4.0,5.0,5.0,2.0,3.0,3.0,3.0,2.0,2.0,4.0,3.0,4.0,3.0,4.0,2.0,4.0,3.0,4.0,2.0
163,10.0,10.0,44.0,1.0,358.72157641284946,-0.2877061692039461,0.0,g10t10,10.0,10.0,2.0,4.0,4.0,4.0,4.0,1.0,5.0,1.0,2.0,0.0,0.0,2.0,2.0,2.0,3.0,3.0,1.0,3.0,2.0,4.0,1.0,0.0,1.0,1.0,2.0,3.0
164,11.0,10.0,13.0,0.0,297.43355328221315,-0.5385553723289447,3.0,g10t11,10.0,11.0,0.0,5.0,0.0,5.0,3.0,1.0,4.0,3.0,5.0,5.0,1.0,3.0,4.0,5.0,3.0,5.0,0.0,5.0,5.0,5.0,0.0,0.0,0.0,5.0,0.0,5.0
165,11.0,10.0,11.0,1.0,376.45377725696807,-0.347727869833971,2.0,g10t11,10.0,11.0,0.0,5.0,0.0,5.0,4.0,0.0,1.0,2.0,5.0,0.0,0.0,2.0,1.0,0.0,2.0,5.0,0.0,4.0,5.0,5.0,0.0,0.0,0.0,0.0,0.0,0.0
166,12.0,10.0,12.0,0.0,296.9458033856159,0.2836117296906539,5.0,g10t12,10.0,12.0,1.0,4.0,2.0,5.0,1.0,0.0,3.0,1.0,5.0,3.0,0.0,2.0,4.0,1.0,2.0,4.0,0.0,3.0,5.0,5.0,0.0,0.0,0.0,1.0,0.0,0.0
167,12.0,10.0,12.0,1.0,348.2642214895394,-0.3683711173534236,2.0,g10t12,10.0,12.0,1.0,4.0,2.0,4.0,2.0,1.0,2.0,4.0,4.0,2.0,1.0,3.0,1.0,4.0,3.0,4.0,0.0,4.0,4.0,5.0,0.0,0.0,1.0,5.0,1.0,5.0
168,13.0,10.0,21.0,0.0,325.1207871434255,-0.4891661162417792,0.0,g10t13,10.0,13.0,1.0,5.0,1.0,4.0,1.0,0.0,2.0,2.0,4.0,4.0,0.0,2.0,4.0,5.0,2.0,5.0,1.0,3.0,4.0,5.0,1.0,0.0,1.0,4.0,1.0,5.0
169,13.0,10.0,19.0,1.0,353.29625041802086,-0.4891661162417792,0.0,g10t13,10.0,13.0,1.0,5.0,1.0,5.0,1.0,0.0,3.0,3.0,5.0,1.0,0.0,3.0,1.0,0.0,3.0,5.0,0.0,3.0,5.0,5.0,0.0,0.0,0.0,1.0,0.0,0.0
170,14.0,10.0,12.0,0.0,307.351772956749,-0.45233494841028415,2.0,g10t14,10.0,14.0,1.0,5.0,3.0,4.0,2.0,2.0,2.0,3.0,4.0,2.0,0.0,2.0,4.0,0.0,2.0,5.0,0.0,3.0,5.0,4.0,0.0,0.0,0.0,2.0,0.0,1.0
171,14.0,10.0,13.0,1.0,354.34778640053815,0.28771025481477264,5.0,g10t14,10.0,14.0,1.0,5.0,3.0,5.0,2.0,0.0,3.0,2.0,4.0,3.0,0.0,3.0,1.0,5.0,3.0,2.0,0.0,3.0,4.0,5.0,0.0,0.0,0.0,3.0,0.0,4.0
172,3.0,11.0,10.0,0.0,294.4741303450436,-0.6580135738179613,1.0,g11t3,11.0,3.0,4.0,4.0,3.0,4.0,2.0,1.0,1.0,3.0,3.0,4.0,2.0,5.0,3.0,5.0,5.0,4.0,1.0,4.0,4.0,5.0,1.0,2.0,2.0,4.0,2.0,3.0
173,3.0,11.0,10.0,1.0,305.0498038351751,-0.7007248033576206,3.0,g11t3,11.0,3.0,4.0,4.0,3.0,5.0,2.0,0.0,4.0,2.0,3.0,1.0,1.0,0.0,2.0,0.0,0.0,5.0,1.0,2.0,5.0,4.0,0.0,1.0,1.0,1.0,2.0,2.0
174,4.0,11.0,8.0,0.0,286.1834194338363,-0.5546401139063405,0.0,g11t4,11.0,4.0,1.0,5.0,1.0,5.0,2.0,0.0,3.0,3.0,5.0,5.0,0.0,2.0,3.0,4.0,4.0,5.0,0.0,3.0,5.0,5.0,0.0,0.0,0.0,4.0,4.0,4.0
175,4.0,11.0,8.0,1.0,327.3875069109015,0.7287306531469907,2.0,g11t4,11.0,4.0,1.0,5.0,1.0,5.0,2.0,0.0,2.0,2.0,5.0,0.0,0.0,3.0,2.0,1.0,1.0,5.0,0.0,3.0,5.0,5.0,0.0,0.0,0.0,2.0,1.0,1.0
176,6.0,11.0,5.0,0.0,388.56309453696997,-0.48489033252325076,0.0,g11t6,11.0,6.0,2.0,4.0,2.0,3.0,1.0,2.0,1.0,3.0,5.0,2.0,0.0,2.0,3.0,1.0,3.0,3.0,2.0,1.0,4.0,5.0,2.0,0.0,2.0,0.0,2.0,0.0
177,6.0,11.0,5.0,1.0,333.4531462911308,-0.48489033252325076,0.0,g11t6,11.0,6.0,2.0,4.0,2.0,5.0,3.0,0.0,4.0,2.0,4.0,3.0,4.0,3.0,2.0,4.0,2.0,3.0,1.0,4.0,5.0,4.0,0.0,3.0,0.0,5.0,0.0,5.0
178,7.0,11.0,8.0,0.0,288.94001936445363,-0.6545215140013576,2.0,g11t7,11.0,7.0,0.0,4.0,0.0,3.0,0.0,1.0,0.0,5.0,4.0,3.0,0.0,2.0,5.0,0.0,3.0,5.0,2.0,1.0,4.0,5.0,3.0,0.0,1.0,0.0,0.0,0.0
179,7.0,11.0,8.0,1.0,330.6424195149734,0.5734833589069885,1.0,g11t7,11.0,7.0,0.0,4.0,0.0,5.0,5.0,0.0,5.0,0.0,3.0,2.0,4.0,3.0,0.0,5.0,2.0,4.0,0.0,2.0,4.0,4.0,0.0,3.0,0.0,5.0,0.0,5.0
180,9.0,11.0,5.0,0.0,350.8157904806951,-0.5954668866744959,0.0,g11t9,11.0,9.0,1.0,5.0,0.0,5.0,2.0,0.0,3.0,0.0,5.0,4.0,0.0,5.0,1.0,5.0,5.0,4.0,1.0,4.0,5.0,5.0,0.0,1.0,0.0,5.0,0.0,5.0
181,9.0,11.0,5.0,1.0,363.7988533831038,-0.5954668866744959,0.0,g11t9,11.0,9.0,1.0,5.0,0.0,5.0,3.0,0.0,2.0,5.0,5.0,1.0,2.0,0.0,4.0,0.0,0.0,3.0,0.0,5.0,5.0,5.0,0.0,2.0,0.0,1.0,1.0,0.0
182,10.0,11.0,5.0,0.0,280.254485221407,-0.35048890791030474,0.0,g11t10,11.0,10.0,2.0,2.0,2.0,3.0,2.0,1.0,2.0,2.0,3.0,0.0,0.0,5.0,0.0,0.0,5.0,4.0,2.0,2.0,4.0,5.0,0.0,0.0,1.0,0.0,3.0,0.0
183,10.0,11.0,8.0,1.0,363.5372659938892,-0.5307865241388641,3.0,g11t10,11.0,10.0,2.0,2.0,2.0,5.0,2.0,0.0,3.0,3.0,3.0,5.0,4.0,0.0,5.0,5.0,0.0,4.0,4.0,2.0,4.0,2.0,0.0,3.0,2.0,5.0,1.0,5.0
184,11.0,11.0,7.0,0.0,305.3993646560486,0.17765900732437145,2.0,g11t11,11.0,11.0,1.0,5.0,1.0,4.0,0.0,2.0,0.0,2.0,3.0,3.0,2.0,4.0,2.0,4.0,3.0,3.0,2.0,3.0,5.0,4.0,1.0,2.0,2.0,5.0,0.0,4.0
185,11.0,11.0,7.0,1.0,403.1016359663546,-0.5493348083316016,3.0,g11t11,11.0,11.0,1.0,5.0,1.0,5.0,3.0,0.0,5.0,3.0,3.0,2.0,1.0,1.0,3.0,1.0,2.0,3.0,0.0,3.0,4.0,5.0,0.0,2.0,0.0,2.0,3.0,1.0
186,13.0,11.0,10.0,0.0,382.51675322993754,0.2819370259484132,4.0,g11t13,11.0,13.0,3.0,4.0,3.0,4.0,3.0,1.0,2.0,2.0,5.0,3.0,0.0,3.0,2.0,4.0,3.0,3.0,2.0,2.0,4.0,3.0,0.0,0.0,2.0,3.0,1.0,3.0
187,13.0,11.0,10.0,1.0,360.41055151236145,-0.2566145354056188,3.0,g11t13,11.0,13.0,3.0,4.0,3.0,5.0,3.0,0.0,3.0,3.0,4.0,2.0,2.0,2.0,3.0,1.0,2.0,2.0,0.0,1.0,3.0,5.0,0.0,1.0,0.0,1.0,1.0,2.0
188,14.0,11.0,8.0,0.0,346.02543150859486,-0.32912356709543183,1.0,g11t14,11.0,14.0,1.0,5.0,2.0,4.0,1.0,1.0,1.0,5.0,2.0,0.0,0.0,2.0,4.0,0.0,2.0,2.0,0.0,1.0,3.0,5.0,0.0,0.0,0.0,0.0,4.0,0.0
189,14.0,11.0,11.0,1.0,371.3875775900676,-0.40997103873908797,3.0,g11t14,11.0,14.0,1.0,5.0,2.0,4.0,3.0,0.0,4.0,0.0,5.0,5.0,1.0,3.0,1.0,5.0,3.0,4.0,1.0,4.0,5.0,5.0,0.0,0.0,0.0,5.0,0.0,5.0
190,1.0,12.0,7.0,0.0,359.87006233670724,-0.48357287098612506,0.0,g12t1,12.0,1.0,0.0,4.0,2.0,5.0,1.0,1.0,4.0,1.0,5.0,4.0,1.0,4.0,2.0,5.0,4.0,5.0,0.0,5.0,5.0,5.0,0.0,0.0,0.0,5.0,0.0,5.0
191,1.0,12.0,5.0,1.0,283.105584748099,-0.48357287098612506,0.0,g12t1,12.0,1.0,0.0,4.0,2.0,4.0,0.0,3.0,1.0,4.0,4.0,1.0,0.0,1.0,3.0,0.0,1.0,3.0,0.0,2.0,4.0,5.0,0.0,0.0,0.0,1.0,1.0,0.0
192,4.0,12.0,11.0,0.0,288.2798500203592,0.5829278835471464,1.0,g12t4,12.0,4.0,1.0,4.0,3.0,4.0,3.0,0.0,4.0,2.0,4.0,3.0,2.0,3.0,2.0,5.0,1.0,4.0,1.0,4.0,5.0,5.0,0.0,1.0,1.0,5.0,3.0,4.0
193,4.0,12.0,10.0,1.0,215.68683782879296,-0.427168128493405,1.0,g12t4,12.0,4.0,1.0,4.0,3.0,4.0,2.0,1.0,1.0,3.0,5.0,2.0,0.0,2.0,3.0,0.0,4.0,4.0,0.0,2.0,4.0,4.0,0.0,1.0,2.0,0.0,2.0,1.0
194,6.0,12.0,5.0,0.0,165.76194998365452,0.7833982645953353,0.0,g12t6,12.0,6.0,1.0,5.0,0.0,5.0,2.0,0.0,1.0,3.0,5.0,1.0,0.0,3.0,0.0,1.0,3.0,5.0,0.0,4.0,5.0,5.0,0.0,0.0,1.0,2.0,0.0,0.0
195,6.0,12.0,5.0,1.0,293.72661211537104,0.7833982645953353,0.0,g12t6,12.0,6.0,1.0,5.0,0.0,5.0,3.0,0.0,4.0,2.0,4.0,4.0,1.0,2.0,5.0,4.0,2.0,4.0,0.0,4.0,4.0,5.0,1.0,0.0,0.0,4.0,2.0,5.0
196,8.0,12.0,7.0,0.0,244.8062895157713,-0.30018268917948887,4.0,g12t8,12.0,8.0,2.0,3.0,1.0,4.0,3.0,2.0,1.0,2.0,5.0,2.0,2.0,2.0,2.0,0.0,1.0,4.0,3.0,3.0,5.0,3.0,1.0,2.0,1.0,0.0,0.0,1.0
197,8.0,12.0,10.0,1.0,294.3759987973651,-0.3466602505114404,2.0,g12t8,12.0,8.0,2.0,3.0,1.0,5.0,4.0,0.0,4.0,3.0,5.0,3.0,1.0,3.0,3.0,5.0,4.0,5.0,0.0,3.0,5.0,4.0,1.0,1.0,1.0,5.0,1.0,4.0
198,9.0,12.0,11.0,0.0,204.37153169600708,-0.42130344900909744,0.0,g12t9,12.0,9.0,1.0,5.0,2.0,5.0,2.0,0.0,3.0,1.0,4.0,4.0,2.0,4.0,3.0,4.0,4.0,4.0,0.0,3.0,5.0,4.0,0.0,0.0,0.0,5.0,0.0,4.0
199,9.0,12.0,6.0,1.0,249.32652586783897,-0.42130344900909744,0.0,g12t9,12.0,9.0,1.0,5.0,2.0,4.0,3.0,0.0,2.0,4.0,4.0,1.0,1.0,1.0,2.0,1.0,1.0,4.0,1.0,3.0,4.0,5.0,1.0,0.0,1.0,1.0,2.0,1.0
200,10.0,12.0,11.0,0.0,209.91491273812466,0.5268558526903031,1.0,g12t10,12.0,10.0,0.0,5.0,2.0,5.0,2.0,0.0,3.0,2.0,4.0,4.0,1.0,2.0,3.0,0.0,2.0,3.0,1.0,2.0,4.0,5.0,0.0,1.0,2.0,1.0,2.0,1.0
201,10.0,12.0,11.0,1.0,229.07709949129512,0.6569423472045814,2.0,g12t10,12.0,10.0,0.0,5.0,2.0,4.0,1.0,2.0,2.0,3.0,2.0,1.0,3.0,3.0,2.0,5.0,3.0,3.0,0.0,3.0,4.0,5.0,1.0,1.0,2.0,4.0,1.0,4.0
202,11.0,12.0,12.0,0.0,195.3721866874113,0.7454770054720633,2.0,g12t11,12.0,11.0,3.0,3.0,4.0,5.0,1.0,0.0,3.0,1.0,4.0,5.0,1.0,4.0,2.0,5.0,4.0,3.0,1.0,4.0,4.0,4.0,0.0,0.0,3.0,5.0,3.0,5.0
203,11.0,12.0,10.0,1.0,177.43353991801197,-0.48388725642798713,0.0,g12t11,12.0,11.0,3.0,3.0,4.0,4.0,3.0,0.0,2.0,4.0,4.0,0.0,0.0,1.0,3.0,0.0,1.0,2.0,1.0,0.0,4.0,5.0,0.0,0.0,2.0,1.0,5.0,0.0
204,12.0,12.0,8.0,0.0,216.72928296703114,0.5212322376453516,2.0,g12t12,12.0,12.0,1.0,4.0,2.0,4.0,1.0,0.0,3.0,0.0,4.0,3.0,0.0,4.0,1.0,0.0,4.0,4.0,2.0,4.0,5.0,5.0,0.0,0.0,0.0,0.0,0.0,0.0
205,12.0,12.0,8.0,1.0,198.79467728174038,0.607009574616416,3.0,g12t12,12.0,12.0,1.0,4.0,2.0,5.0,0.0,0.0,2.0,5.0,3.0,2.0,0.0,1.0,4.0,5.0,1.0,4.0,0.0,4.0,3.0,5.0,0.0,0.0,1.0,5.0,3.0,5.0
206,13.0,12.0,11.0,0.0,218.82519555998954,-0.4892530268915331,2.0,g12t13,12.0,13.0,3.0,3.0,3.0,5.0,4.0,0.0,4.0,0.0,4.0,4.0,2.0,2.0,1.0,5.0,1.0,3.0,0.0,3.0,4.0,5.0,0.0,1.0,1.0,5.0,3.0,5.0
207,13.0,12.0,6.0,1.0,122.41452384792717,0.7533991930008844,1.0,g12t13,12.0,13.0,3.0,3.0,3.0,4.0,2.0,2.0,1.0,5.0,3.0,1.0,0.0,3.0,4.0,0.0,4.0,4.0,1.0,3.0,3.0,5.0,3.0,0.0,2.0,0.0,4.0,0.0
208,14.0,12.0,10.0,0.0,180.08948614393202,-0.7074457147063802,0.0,g12t14,12.0,14.0,4.0,1.0,1.0,4.0,3.0,1.0,2.0,2.0,4.0,2.0,1.0,3.0,1.0,0.0,4.0,3.0,1.0,3.0,2.0,5.0,0.0,0.0,1.0,0.0,1.0,0.0
209,14.0,12.0,12.0,1.0,215.02318200035583,-0.7074457147063802,0.0,g12t14,12.0,14.0,4.0,1.0,1.0,5.0,3.0,0.0,3.0,3.0,3.0,3.0,2.0,2.0,4.0,5.0,1.0,2.0,1.0,2.0,2.0,5.0,1.0,1.0,1.0,5.0,4.0,5.0
