,task,session,count,speaker,tama_mean,entrainment,best_lag,hitid,session,task,believes_is_better_than_partner_A_yes,believes_is_better_than_partner_A_no,believes_is_better_than_partner_B_yes,believes_is_better_than_partner_B_no,bored_with_game_A_yes,bored_with_game_A_no,bored_with_game_B_yes,bored_with_game_B_no,difficult_for_partner_to_speak_A_yes,difficult_for_partner_to_speak_A_no,difficult_for_partner_to_speak_B_yes,difficult_for_partner_to_speak_B_no,directs_the_conversation_A_yes,directs_the_conversation_A_no,directs_the_conversation_B_yes,directs_the_conversation_B_no,contributes_to_successful_completion_A_yes,contributes_to_successful_completion_A_no,contributes_to_successful_completion_B_yes,contributes_to_successful_completion_B_no,frustrated_with_partner_A_yes,frustrated_with_partner_A_no,frustrated_with_partner_B_yes,frustrated_with_partner_B_no,frustrated_with_game_A_yes,frustrated_with_game_A_no,frustrated_with_game_B_yes,frustrated_with_game_B_no,engaged_in_game_A_yes,engaged_in_game_A_no,engaged_in_game_B_yes,engaged_in_game_B_no,gives_encouragement_A_yes,gives_encouragement_A_no,gives_encouragement_B_yes,gives_encouragement_B_no,making_self_clear_A_yes,making_self_clear_A_no,making_self_clear_B_yes,making_self_clear_B_no,planning_what_to_say_A_yes,planning_what_to_say_A_no,planning_what_to_say_B_yes,planning_what_to_say_B_no,polite_A_yes,polite_A_no,polite_B_yes,polite_B_no,dislikes_partner_A_yes,dislikes_partner_A_no,dislikes_partner_B_yes,dislikes_partner_B_no,trying_to_be_liked_A_yes,trying_to_be_liked_A_no,trying_to_be_liked_B_yes,trying_to_be_liked_B_no,trying_to_dominate_A_yes,trying_to_dominate_A_no,trying_to_dominate_B_yes,trying_to_dominate_B_no,conversation_awkward_yes,conversation_awkward_no,flow_naturally_yes,flow_naturally_no,hard_time_understanding_each_other_yes,hard_time_understanding_each_other_no,like_more_A,like_more_B,rather_have_as_a_partner_A,rather_have_as_a_partner_B,directing_the_conversation_A,directing_the_conversation_B,dominates_the_conversation_A,dominates_the_conversation_B,likes_the_other_person_more_A,likes_the_other_person_more_B,acting_superior_A,acting_superior_B,more_polite_A,more_polite_B,more_frustrated_A,more_frustrated_B
0,10.0,1.0,5.0,0.0,0.24275967578546306,0.3440378211924756,0.0,g1t10,1.0,10.0,2.0,3.0,2.0,3.0,0.0,5.0,0.0,5.0,1.0,4.0,2.0,3.0,2.0,3.0,3.0,2.0,5.0,0.0,3.0,2.0,0.0,5.0,3.0,2.0,0.0,5.0,3.0,2.0,5.0,0.0,5.0,0.0,5.0,0.0,2.0,3.0,5.0,0.0,3.0,2.0,3.0,2.0,0.0,5.0,5.0,0.0,5.0,0.0,0.0,5.0,1.0,4.0,1.0,4.0,2.0,3.0,0.0,5.0,4.0,1.0,2.0,3.0,4.0,1.0,3.0,2.0,5.0,0.0,4.0,1.0,2.0,3.0,0.0,5.0,3.0,2.0,1.0,4.0,1.0,4.0,0.0,5.0
2,12.0,1.0,7.0,0.0,0.2059266439996579,-0.6483970487384525,3.0,g1t12,1.0,12.0,0.0,5.0,1.0,4.0,1.0,4.0,0.0,5.0,0.0,5.0,3.0,2.0,0.0,5.0,5.0,0.0,5.0,0.0,4.0,1.0,2.0,3.0,2.0,3.0,1.0,4.0,2.0,3.0,5.0,0.0,5.0,0.0,5.0,0.0,4.0,1.0,5.0,0.0,2.0,3.0,3.0,2.0,4.0,1.0,4.0,1.0,5.0,0.0,0.0,5.0,1.0,4.0,1.0,4.0,2.0,3.0,0.0,5.0,2.0,3.0,1.0,4.0,3.0,2.0,4.0,1.0,3.0,2.0,3.0,2.0,1.0,4.0,0.0,5.0,2.0,3.0,2.0,3.0,2.0,3.0,1.0,4.0
4,13.0,1.0,6.0,0.0,0.23033872503162783,0.353976002579574,1.0,g1t13,1.0,13.0,1.0,4.0,2.0,3.0,2.0,3.0,0.0,5.0,1.0,4.0,4.0,1.0,3.0,2.0,2.0,3.0,4.0,1.0,3.0,2.0,2.0,3.0,4.0,1.0,2.0,3.0,4.0,1.0,4.0,1.0,5.0,0.0,5.0,0.0,4.0,1.0,4.0,1.0,3.0,2.0,3.0,2.0,1.0,4.0,5.0,0.0,1.0,4.0,1.0,4.0,0.0,5.0,3.0,2.0,0.0,5.0,1.0,4.0,5.0,0.0,4.0,1.0,0.0,5.0,3.0,2.0,4.0,1.0,4.0,1.0,3.0,2.0,2.0,3.0,4.0,1.0,1.0,4.0,1.0,4.0,0.0,5.0
6,3.0,2.0,6.0,0.0,0.09254888227075565,-0.7317170787064315,1.0,g2t3,2.0,3.0,1.0,4.0,2.0,3.0,0.0,5.0,0.0,5.0,0.0,5.0,1.0,4.0,4.0,1.0,1.0,4.0,5.0,0.0,4.0,1.0,1.0,4.0,2.0,3.0,0.0,5.0,1.0,4.0,4.0,1.0,5.0,0.0,5.0,0.0,3.0,2.0,5.0,0.0,4.0,1.0,2.0,3.0,1.0,4.0,5.0,0.0,4.0,1.0,0.0,5.0,3.0,2.0,2.0,3.0,0.0,5.0,0.0,5.0,2.0,3.0,2.0,3.0,5.0,0.0,3.0,2.0,5.0,0.0,5.0,0.0,4.0,1.0,5.0,0.0,4.0,1.0,2.0,3.0,0.0,5.0,1.0,4.0
8,4.0,2.0,23.0,0.0,0.11399300716563718,0.28720298047298964,6.0,g2t4,2.0,4.0,0.0,5.0,2.0,3.0,0.0,5.0,2.0,3.0,0.0,5.0,1.0,4.0,2.0,3.0,3.0,2.0,4.0,1.0,4.0,1.0,1.0,4.0,2.0,3.0,1.0,4.0,1.0,4.0,5.0,0.0,3.0,2.0,4.0,1.0,4.0,1.0,4.0,1.0,4.0,1.0,4.0,1.0,3.0,2.0,5.0,0.0,3.0,2.0,0.0,5.0,1.0,4.0,4.0,1.0,2.0,3.0,1.0,4.0,2.0,3.0,2.0,3.0,4.0,1.0,2.0,3.0,3.0,2.0,2.0,3.0,2.0,3.0,4.0,1.0,2.0,3.0,2.0,3.0,1.0,4.0,1.0,4.0
10,7.0,2.0,8.0,0.0,0.09177561398601465,0.30976052342258176,0.0,g2t7,2.0,7.0,0.0,5.0,0.0,5.0,0.0,5.0,1.0,4.0,1.0,4.0,0.0,5.0,0.0,5.0,3.0,2.0,5.0,0.0,5.0,0.0,0.0,5.0,0.0,5.0,1.0,4.0,0.0,5.0,5.0,0.0,5.0,0.0,4.0,1.0,5.0,0.0,5.0,0.0,5.0,0.0,3.0,2.0,5.0,0.0,5.0,0.0,5.0,0.0,0.0,5.0,0.0,5.0,2.0,3.0,3.0,2.0,0.0,5.0,1.0,4.0,0.0,5.0,5.0,0.0,0.0,5.0,2.0,3.0,2.0,3.0,1.0,4.0,1.0,4.0,3.0,2.0,0.0,5.0,3.0,2.0,4.0,1.0
12,8.0,2.0,57.0,0.0,0.1616354384585016,0.14886892373853072,0.0,g2t8,2.0,8.0,0.0,5.0,4.0,1.0,0.0,5.0,2.0,3.0,0.0,5.0,1.0,4.0,0.0,5.0,4.0,1.0,2.0,3.0,5.0,0.0,1.0,4.0,4.0,1.0,0.0,5.0,2.0,3.0,5.0,0.0,5.0,0.0,4.0,1.0,3.0,2.0,2.0,3.0,4.0,1.0,2.0,3.0,4.0,1.0,5.0,0.0,4.0,1.0,0.0,5.0,1.0,4.0,5.0,0.0,2.0,3.0,1.0,4.0,2.0,3.0,2.0,3.0,5.0,0.0,4.0,1.0,3.0,2.0,2.0,3.0,1.0,4.0,0.0,5.0,4.0,1.0,0.0,5.0,2.0,3.0,2.0,3.0
14,10.0,2.0,28.0,0.0,0.11642422886922255,-0.36774472011397175,5.0,g2t10,2.0,10.0,0.0,5.0,2.0,3.0,1.0,4.0,2.0,3.0,0.0,5.0,1.0,4.0,2.0,3.0,4.0,1.0,5.0,0.0,3.0,2.0,0.0,5.0,3.0,2.0,3.0,2.0,4.0,1.0,5.0,0.0,3.0,2.0,5.0,0.0,2.0,3.0,3.0,2.0,1.0,4.0,1.0,4.0,3.0,2.0,5.0,0.0,5.0,0.0,0.0,5.0,2.0,3.0,5.0,0.0,4.0,1.0,0.0,5.0,3.0,2.0,2.0,3.0,4.0,1.0,3.0,2.0,5.0,0.0,4.0,1.0,2.0,3.0,1.0,4.0,3.0,2.0,1.0,4.0,1.0,4.0,2.0,3.0
16,11.0,2.0,9.0,0.0,0.07926101416244265,-0.6333382760319395,1.0,g2t11,2.0,11.0,0.0,5.0,2.0,3.0,0.0,5.0,4.0,1.0,0.0,5.0,0.0,5.0,5.0,0.0,0.0,5.0,5.0,0.0,3.0,2.0,1.0,4.0,1.0,4.0,0.0,5.0,0.0,5.0,5.0,0.0,1.0,4.0,3.0,2.0,3.0,2.0,5.0,0.0,4.0,1.0,5.0,0.0,1.0,4.0,5.0,0.0,3.0,2.0,0.0,5.0,1.0,4.0,2.0,3.0,0.0,5.0,0.0,5.0,0.0,5.0,2.0,3.0,4.0,1.0,2.0,3.0,3.0,2.0,5.0,0.0,5.0,0.0,5.0,0.0,5.0,0.0,2.0,3.0,1.0,4.0,2.0,3.0
18,12.0,2.0,8.0,0.0,0.12043716488263566,0.43457600594836093,4.0,g2t12,2.0,12.0,1.0,4.0,0.0,5.0,1.0,4.0,2.0,3.0,1.0,4.0,0.0,5.0,1.0,4.0,4.0,1.0,5.0,0.0,5.0,0.0,1.0,4.0,0.0,5.0,0.0,5.0,2.0,3.0,5.0,0.0,3.0,2.0,5.0,0.0,5.0,0.0,5.0,0.0,2.0,3.0,5.0,0.0,2.0,3.0,4.0,1.0,5.0,0.0,1.0,4.0,0.0,5.0,1.0,4.0,2.0,3.0,2.0,3.0,1.0,4.0,2.0,3.0,3.0,2.0,2.0,3.0,1.0,4.0,2.0,3.0,1.0,4.0,2.0,3.0,2.0,3.0,2.0,3.0,4.0,1.0,4.0,1.0
20,13.0,2.0,15.0,0.0,0.12636978289263312,0.34714729412069534,1.0,g2t13,2.0,13.0,0.0,5.0,2.0,3.0,0.0,5.0,3.0,2.0,1.0,4.0,0.0,5.0,5.0,0.0,1.0,4.0,4.0,1.0,1.0,4.0,2.0,3.0,3.0,2.0,3.0,2.0,2.0,3.0,4.0,1.0,3.0,2.0,4.0,1.0,1.0,4.0,5.0,0.0,4.0,1.0,3.0,2.0,0.0,5.0,4.0,1.0,3.0,2.0,1.0,4.0,4.0,1.0,1.0,4.0,0.0,5.0,3.0,2.0,0.0,5.0,2.0,3.0,3.0,2.0,2.0,3.0,5.0,0.0,5.0,0.0,5.0,0.0,5.0,0.0,5.0,0.0,3.0,2.0,0.0,5.0,2.0,3.0
22,14.0,2.0,9.0,0.0,0.12697837955717187,-0.7402292867380661,0.0,g2t14,2.0,14.0,0.0,5.0,1.0,4.0,1.0,4.0,4.0,1.0,0.0,5.0,0.0,5.0,4.0,1.0,0.0,5.0,5.0,0.0,5.0,0.0,1.0,4.0,1.0,4.0,5.0,0.0,0.0,5.0,5.0,0.0,2.0,3.0,1.0,4.0,2.0,3.0,4.0,1.0,5.0,0.0,0.0,5.0,4.0,1.0,5.0,0.0,5.0,0.0,0.0,5.0,2.0,3.0,0.0,5.0,0.0,5.0,1.0,4.0,0.0,5.0,1.0,4.0,5.0,0.0,3.0,2.0,3.0,2.0,3.0,2.0,3.0,2.0,3.0,2.0,4.0,1.0,1.0,4.0,2.0,3.0,5.0,0.0
24,1.0,3.0,16.0,0.0,0.13413123823001283,0.2530920118564771,2.0,g3t1,3.0,1.0,0.0,5.0,0.0,5.0,0.0,5.0,1.0,4.0,2.0,3.0,0.0,5.0,4.0,1.0,0.0,5.0,4.0,1.0,5.0,0.0,0.0,5.0,1.0,4.0,1.0,4.0,0.0,5.0,5.0,0.0,5.0,0.0,3.0,2.0,4.0,1.0,3.0,2.0,5.0,0.0,4.0,1.0,5.0,0.0,4.0,1.0,5.0,0.0,0.0,5.0,0.0,5.0,2.0,3.0,2.0,3.0,1.0,4.0,0.0,5.0,1.0,4.0,4.0,1.0,3.0,2.0,4.0,1.0,3.0,2.0,4.0,1.0,5.0,0.0,3.0,2.0,4.0,1.0,2.0,3.0,2.0,3.0
26,4.0,3.0,11.0,0.0,0.1109328132717226,-0.5515109387580768,2.0,g3t4,3.0,4.0,0.0,5.0,0.0,5.0,0.0,5.0,1.0,4.0,4.0,1.0,1.0,4.0,5.0,0.0,0.0,5.0,5.0,0.0,5.0,0.0,1.0,4.0,1.0,4.0,3.0,2.0,1.0,4.0,5.0,0.0,5.0,0.0,4.0,1.0,5.0,0.0,3.0,2.0,5.0,0.0,3.0,2.0,2.0,3.0,2.0,3.0,5.0,0.0,0.0,5.0,1.0,4.0,0.0,5.0,0.0,5.0,4.0,1.0,0.0,5.0,2.0,3.0,2.0,3.0,2.0,3.0,1.0,4.0,0.0,5.0,5.0,0.0,5.0,0.0,4.0,1.0,5.0,0.0,5.0,0.0,3.0,2.0
28,8.0,3.0,7.0,0.0,0.11572314500363777,0.551045500935918,1.0,g3t8,3.0,8.0,3.0,2.0,2.0,3.0,2.0,3.0,2.0,3.0,1.0,4.0,1.0,4.0,2.0,3.0,4.0,1.0,4.0,1.0,5.0,0.0,1.0,4.0,4.0,1.0,1.0,4.0,3.0,2.0,4.0,1.0,4.0,1.0,4.0,1.0,2.0,3.0,4.0,1.0,4.0,1.0,2.0,3.0,3.0,2.0,4.0,1.0,5.0,0.0,1.0,4.0,1.0,4.0,3.0,2.0,1.0,4.0,1.0,4.0,2.0,3.0,4.0,1.0,4.0,1.0,2.0,3.0,2.0,3.0,2.0,3.0,2.0,3.0,0.0,5.0,3.0,2.0,1.0,4.0,2.0,3.0,1.0,4.0
30,10.0,3.0,12.0,0.0,0.14017496461203455,0.33477571033997594,1.0,g3t10,3.0,10.0,0.0,5.0,1.0,4.0,0.0,5.0,0.0,5.0,0.0,5.0,1.0,4.0,0.0,5.0,4.0,1.0,5.0,0.0,5.0,0.0,1.0,4.0,0.0,5.0,0.0,5.0,0.0,5.0,5.0,0.0,5.0,0.0,3.0,2.0,3.0,2.0,5.0,0.0,4.0,1.0,3.0,2.0,2.0,3.0,4.0,1.0,5.0,0.0,0.0,5.0,1.0,4.0,1.0,4.0,0.0,5.0,0.0,5.0,2.0,3.0,1.0,4.0,4.0,1.0,1.0,4.0,4.0,1.0,3.0,2.0,0.0,5.0,1.0,4.0,2.0,3.0,1.0,4.0,1.0,4.0,3.0,2.0
32,12.0,3.0,10.0,0.0,0.14793238239020748,-0.23790240554158357,0.0,g3t12,3.0,12.0,1.0,4.0,1.0,4.0,1.0,4.0,0.0,5.0,0.0,5.0,1.0,4.0,0.0,5.0,5.0,0.0,5.0,0.0,5.0,0.0,0.0,5.0,1.0,4.0,1.0,4.0,1.0,4.0,4.0,1.0,5.0,0.0,3.0,2.0,3.0,2.0,4.0,1.0,5.0,0.0,3.0,2.0,4.0,1.0,5.0,0.0,4.0,1.0,0.0,5.0,1.0,4.0,2.0,3.0,2.0,3.0,0.0,5.0,2.0,3.0,0.0,5.0,3.0,2.0,1.0,4.0,0.0,5.0,0.0,5.0,0.0,5.0,0.0,5.0,3.0,2.0,2.0,3.0,5.0,0.0,4.0,1.0
34,13.0,3.0,13.0,0.0,0.1184947547459907,0.4904826093403788,1.0,g3t13,3.0,13.0,2.0,3.0,0.0,5.0,0.0,5.0,2.0,3.0,0.0,5.0,0.0,5.0,5.0,0.0,0.0,5.0,4.0,1.0,4.0,1.0,2.0,3.0,1.0,4.0,1.0,4.0,1.0,4.0,5.0,0.0,4.0,1.0,4.0,1.0,3.0,2.0,5.0,0.0,5.0,0.0,4.0,1.0,4.0,1.0,3.0,2.0,5.0,0.0,2.0,3.0,1.0,4.0,3.0,2.0,1.0,4.0,1.0,4.0,0.0,5.0,4.0,1.0,3.0,2.0,3.0,2.0,4.0,1.0,3.0,2.0,5.0,0.0,5.0,0.0,2.0,3.0,4.0,1.0,2.0,3.0,3.0,2.0
36,3.0,4.0,10.0,0.0,0.13068150665950945,-0.43574399068485453,0.0,g4t3,4.0,3.0,0.0,5.0,2.0,3.0,0.0,5.0,0.0,5.0,0.0,5.0,0.0,5.0,4.0,1.0,1.0,4.0,5.0,0.0,5.0,0.0,1.0,4.0,0.0,5.0,1.0,4.0,0.0,5.0,5.0,0.0,5.0,0.0,5.0,0.0,5.0,0.0,5.0,0.0,5.0,0.0,5.0,0.0,4.0,1.0,5.0,0.0,5.0,0.0,1.0,4.0,0.0,5.0,3.0,2.0,4.0,1.0,1.0,4.0,0.0,5.0,0.0,5.0,5.0,0.0,1.0,4.0,2.0,3.0,2.0,3.0,4.0,1.0,3.0,2.0,1.0,4.0,1.0,4.0,2.0,3.0,5.0,0.0
38,4.0,4.0,9.0,0.0,0.14807327475735038,0.3765361284564613,0.0,g4t4,4.0,4.0,0.0,5.0,0.0,5.0,2.0,3.0,0.0,5.0,1.0,4.0,0.0,5.0,4.0,1.0,1.0,4.0,5.0,0.0,5.0,0.0,1.0,4.0,1.0,4.0,4.0,1.0,1.0,4.0,3.0,2.0,5.0,0.0,2.0,3.0,3.0,2.0,3.0,2.0,5.0,0.0,3.0,2.0,3.0,2.0,5.0,0.0,5.0,0.0,0.0,5.0,0.0,5.0,2.0,3.0,3.0,2.0,2.0,3.0,0.0,5.0,3.0,2.0,3.0,2.0,1.0,4.0,1.0,4.0,2.0,3.0,2.0,3.0,4.0,1.0,2.0,3.0,4.0,1.0,3.0,2.0,4.0,1.0
40,5.0,4.0,6.0,0.0,0.1883971091952107,-0.3000657847570727,2.0,g4t5,4.0,5.0,0.0,5.0,1.0,4.0,0.0,5.0,0.0,5.0,0.0,5.0,4.0,1.0,0.0,5.0,4.0,1.0,4.0,1.0,5.0,0.0,0.0,5.0,1.0,4.0,0.0,5.0,2.0,3.0,4.0,1.0,5.0,0.0,3.0,2.0,3.0,2.0,4.0,1.0,4.0,1.0,1.0,4.0,0.0,5.0,5.0,0.0,3.0,2.0,0.0,5.0,0.0,5.0,1.0,4.0,1.0,4.0,0.0,5.0,5.0,0.0,2.0,3.0,3.0,2.0,0.0,5.0,2.0,3.0,1.0,4.0,0.0,5.0,0.0,5.0,1.0,4.0,0.0,5.0,2.0,3.0,1.0,4.0
42,7.0,4.0,10.0,0.0,0.16582601615477255,-0.3822176932362886,1.0,g4t7,4.0,7.0,0.0,5.0,0.0,5.0,0.0,5.0,0.0,5.0,0.0,5.0,0.0,5.0,0.0,5.0,5.0,0.0,5.0,0.0,5.0,0.0,0.0,5.0,0.0,5.0,0.0,5.0,0.0,5.0,5.0,0.0,5.0,0.0,3.0,2.0,3.0,2.0,5.0,0.0,5.0,0.0,4.0,1.0,3.0,2.0,5.0,0.0,5.0,0.0,0.0,5.0,0.0,5.0,1.0,4.0,2.0,3.0,0.0,5.0,1.0,4.0,2.0,3.0,4.0,1.0,2.0,3.0,1.0,4.0,2.0,3.0,0.0,5.0,0.0,5.0,1.0,4.0,1.0,4.0,4.0,1.0,5.0,0.0
44,8.0,4.0,19.0,0.0,0.16366727219173788,-0.4294520680138448,2.0,g4t8,4.0,8.0,0.0,5.0,4.0,1.0,0.0,5.0,1.0,4.0,0.0,5.0,4.0,1.0,0.0,5.0,5.0,0.0,3.0,2.0,5.0,0.0,2.0,3.0,1.0,4.0,4.0,1.0,0.0,5.0,3.0,2.0,4.0,1.0,1.0,4.0,4.0,1.0,3.0,2.0,3.0,2.0,3.0,2.0,2.0,3.0,5.0,0.0,2.0,3.0,2.0,3.0,1.0,4.0,2.0,3.0,1.0,4.0,0.0,5.0,5.0,0.0,3.0,2.0,2.0,3.0,2.0,3.0,4.0,1.0,3.0,2.0,0.0,5.0,0.0,5.0,2.0,3.0,0.0,5.0,1.0,4.0,3.0,2.0
46,9.0,4.0,9.0,0.0,0.12338182661132045,-0.28370296535264194,0.0,g4t9,4.0,9.0,1.0,4.0,0.0,5.0,1.0,4.0,1.0,4.0,0.0,5.0,0.0,5.0,5.0,0.0,0.0,5.0,5.0,0.0,5.0,0.0,0.0,5.0,1.0,4.0,0.0,5.0,2.0,3.0,5.0,0.0,5.0,0.0,4.0,1.0,4.0,1.0,4.0,1.0,5.0,0.0,4.0,1.0,0.0,5.0,5.0,0.0,5.0,0.0,0.0,5.0,0.0,5.0,4.0,1.0,2.0,3.0,1.0,4.0,0.0,5.0,0.0,5.0,5.0,0.0,0.0,5.0,4.0,1.0,3.0,2.0,5.0,0.0,5.0,0.0,3.0,2.0,2.0,3.0,0.0,5.0,1.0,4.0
48,10.0,4.0,25.0,0.0,0.1614699673053456,0.27865473002759134,1.0,g4t10,4.0,10.0,0.0,5.0,2.0,3.0,0.0,5.0,2.0,3.0,1.0,4.0,0.0,5.0,2.0,3.0,3.0,2.0,5.0,0.0,5.0,0.0,2.0,3.0,3.0,2.0,3.0,2.0,0.0,5.0,5.0,0.0,2.0,3.0,4.0,1.0,4.0,1.0,5.0,0.0,5.0,0.0,3.0,2.0,3.0,2.0,5.0,0.0,4.0,1.0,0.0,5.0,1.0,4.0,3.0,2.0,2.0,3.0,1.0,4.0,3.0,2.0,2.0,3.0,4.0,1.0,0.0,5.0,3.0,2.0,3.0,2.0,2.0,3.0,1.0,4.0,3.0,2.0,1.0,4.0,1.0,4.0,2.0,3.0
50,11.0,4.0,12.0,0.0,0.12975094416160707,0.20396003798321766,1.0,g4t11,4.0,11.0,1.0,4.0,4.0,1.0,0.0,5.0,0.0,5.0,1.0,4.0,1.0,4.0,5.0,0.0,0.0,5.0,4.0,1.0,5.0,0.0,1.0,4.0,2.0,3.0,2.0,3.0,1.0,4.0,5.0,0.0,5.0,0.0,4.0,1.0,3.0,2.0,4.0,1.0,3.0,2.0,2.0,3.0,2.0,3.0,5.0,0.0,4.0,1.0,1.0,4.0,2.0,3.0,0.0,5.0,0.0,5.0,2.0,3.0,0.0,5.0,0.0,5.0,4.0,1.0,2.0,3.0,2.0,3.0,1.0,4.0,5.0,0.0,5.0,0.0,4.0,1.0,1.0,4.0,3.0,2.0,2.0,3.0
52,12.0,4.0,10.0,0.0,0.17870525421454025,0.49909493362353047,5.0,g4t12,4.0,12.0,1.0,4.0,0.0,5.0,2.0,3.0,1.0,4.0,1.0,4.0,2.0,3.0,1.0,4.0,5.0,0.0,3.0,2.0,5.0,0.0,3.0,2.0,0.0,5.0,2.0,3.0,0.0,5.0,3.0,2.0,3.0,2.0,4.0,1.0,4.0,1.0,4.0,1.0,5.0,0.0,2.0,3.0,4.0,1.0,4.0,1.0,2.0,3.0,1.0,4.0,0.0,5.0,2.0,3.0,2.0,3.0,1.0,4.0,3.0,2.0,1.0,4.0,3.0,2.0,2.0,3.0,3.0,2.0,0.0,5.0,0.0,5.0,0.0,5.0,2.0,3.0,1.0,4.0,1.0,4.0,3.0,2.0
54,13.0,4.0,16.0,0.0,0.1459180130832193,-0.2188292044006603,2.0,g4t13,4.0,13.0,0.0,5.0,0.0,5.0,0.0,5.0,0.0,5.0,1.0,4.0,0.0,5.0,4.0,1.0,1.0,4.0,5.0,0.0,5.0,0.0,1.0,4.0,0.0,5.0,2.0,3.0,0.0,5.0,5.0,0.0,5.0,0.0,3.0,2.0,3.0,2.0,5.0,0.0,5.0,0.0,4.0,1.0,3.0,2.0,5.0,0.0,5.0,0.0,1.0,4.0,0.0,5.0,1.0,4.0,5.0,0.0,0.0,5.0,0.0,5.0,0.0,5.0,5.0,0.0,1.0,4.0,1.0,4.0,1.0,4.0,4.0,1.0,5.0,0.0,2.0,3.0,2.0,3.0,3.0,2.0,4.0,1.0
56,3.0,5.0,9.0,0.0,0.1483601712546611,0.494781953486831,0.0,g5t3,5.0,3.0,1.0,4.0,2.0,3.0,2.0,3.0,0.0,5.0,0.0,5.0,0.0,5.0,2.0,3.0,2.0,3.0,3.0,2.0,5.0,0.0,0.0,5.0,0.0,5.0,2.0,3.0,0.0,5.0,5.0,0.0,5.0,0.0,3.0,2.0,3.0,2.0,2.0,3.0,4.0,1.0,1.0,4.0,4.0,1.0,5.0,0.0,5.0,0.0,0.0,5.0,1.0,4.0,3.0,2.0,3.0,2.0,1.0,4.0,0.0,5.0,3.0,2.0,2.0,3.0,0.0,5.0,1.0,4.0,1.0,4.0,2.0,3.0,4.0,1.0,3.0,2.0,3.0,2.0,4.0,1.0,4.0,1.0
58,4.0,5.0,9.0,0.0,0.14456311973378896,-0.6874826609958914,3.0,g5t4,5.0,4.0,1.0,4.0,0.0,5.0,1.0,4.0,2.0,3.0,1.0,4.0,0.0,5.0,5.0,0.0,0.0,5.0,5.0,0.0,4.0,1.0,2.0,3.0,1.0,4.0,2.0,3.0,1.0,4.0,5.0,0.0,3.0,2.0,5.0,0.0,3.0,2.0,5.0,0.0,3.0,2.0,4.0,1.0,2.0,3.0,5.0,0.0,5.0,0.0,2.0,3.0,0.0,5.0,0.0,5.0,3.0,2.0,3.0,2.0,0.0,5.0,2.0,3.0,4.0,1.0,1.0,4.0,3.0,2.0,4.0,1.0,5.0,0.0,4.0,1.0,0.0,5.0,5.0,0.0,2.0,3.0,2.0,3.0
60,9.0,5.0,16.0,0.0,0.0999194682120804,0.37851049019503796,0.0,g5t9,5.0,9.0,2.0,3.0,1.0,4.0,1.0,4.0,1.0,4.0,2.0,3.0,0.0,5.0,5.0,0.0,0.0,5.0,3.0,2.0,5.0,0.0,3.0,2.0,2.0,3.0,3.0,2.0,2.0,3.0,4.0,1.0,4.0,1.0,2.0,3.0,2.0,3.0,2.0,3.0,4.0,1.0,1.0,4.0,2.0,3.0,3.0,2.0,4.0,1.0,1.0,4.0,1.0,4.0,0.0,5.0,1.0,4.0,2.0,3.0,0.0,5.0,4.0,1.0,3.0,2.0,5.0,0.0,1.0,4.0,2.0,3.0,5.0,0.0,5.0,0.0,2.0,3.0,3.0,2.0,4.0,1.0,2.0,3.0
62,11.0,5.0,8.0,0.0,0.12013438441810377,-0.41496930570144724,0.0,g5t11,5.0,11.0,2.0,3.0,1.0,4.0,0.0,5.0,1.0,4.0,1.0,4.0,1.0,4.0,4.0,1.0,1.0,4.0,5.0,0.0,5.0,0.0,2.0,3.0,1.0,4.0,1.0,4.0,0.0,5.0,5.0,0.0,5.0,0.0,5.0,0.0,4.0,1.0,4.0,1.0,4.0,1.0,4.0,1.0,1.0,4.0,3.0,2.0,4.0,1.0,0.0,5.0,1.0,4.0,0.0,5.0,2.0,3.0,3.0,2.0,0.0,5.0,0.0,5.0,5.0,0.0,1.0,4.0,3.0,2.0,4.0,1.0,4.0,1.0,5.0,0.0,2.0,3.0,4.0,1.0,2.0,3.0,3.0,2.0
64,13.0,5.0,14.0,0.0,0.10583418791435964,-0.5292819307342648,5.0,g5t13,5.0,13.0,0.0,5.0,0.0,5.0,2.0,3.0,1.0,4.0,2.0,3.0,0.0,5.0,5.0,0.0,0.0,5.0,4.0,1.0,4.0,1.0,2.0,3.0,1.0,4.0,2.0,3.0,1.0,4.0,5.0,0.0,3.0,2.0,2.0,3.0,3.0,2.0,4.0,1.0,3.0,2.0,4.0,1.0,2.0,3.0,5.0,0.0,5.0,0.0,0.0,5.0,0.0,5.0,1.0,4.0,1.0,4.0,2.0,3.0,0.0,5.0,4.0,1.0,2.0,3.0,1.0,4.0,1.0,4.0,3.0,2.0,5.0,0.0,5.0,0.0,3.0,2.0,5.0,0.0,4.0,1.0,4.0,1.0
66,14.0,5.0,6.0,0.0,0.1237388395890359,0.5216081442223376,0.0,g5t14,5.0,14.0,1.0,4.0,1.0,4.0,3.0,2.0,1.0,4.0,0.0,5.0,1.0,4.0,0.0,5.0,5.0,0.0,0.0,5.0,5.0,0.0,2.0,3.0,4.0,1.0,3.0,2.0,2.0,3.0,1.0,4.0,4.0,1.0,2.0,3.0,3.0,2.0,3.0,2.0,5.0,0.0,2.0,3.0,4.0,1.0,5.0,0.0,5.0,0.0,0.0,5.0,0.0,5.0,2.0,3.0,3.0,2.0,0.0,5.0,3.0,2.0,2.0,3.0,2.0,3.0,4.0,1.0,2.0,3.0,1.0,4.0,0.0,5.0,0.0,5.0,2.0,3.0,1.0,4.0,2.0,3.0,2.0,3.0
68,3.0,6.0,8.0,0.0,0.1361578723511832,0.477272182494745,2.0,g6t3,6.0,3.0,1.0,4.0,0.0,5.0,0.0,5.0,4.0,1.0,0.0,5.0,0.0,5.0,5.0,0.0,0.0,5.0,5.0,0.0,1.0,4.0,1.0,4.0,1.0,4.0,1.0,4.0,1.0,4.0,5.0,0.0,2.0,3.0,3.0,2.0,1.0,4.0,5.0,0.0,1.0,4.0,4.0,1.0,1.0,4.0,5.0,0.0,4.0,1.0,0.0,5.0,1.0,4.0,4.0,1.0,2.0,3.0,2.0,3.0,0.0,5.0,3.0,2.0,3.0,2.0,1.0,4.0,5.0,0.0,4.0,1.0,5.0,0.0,5.0,0.0,5.0,0.0,5.0,0.0,2.0,3.0,4.0,1.0
70,4.0,6.0,12.0,0.0,0.12702284045768633,-0.4324061152858655,1.0,g6t4,6.0,4.0,1.0,4.0,4.0,1.0,1.0,4.0,5.0,0.0,0.0,5.0,0.0,5.0,4.0,1.0,1.0,4.0,2.0,3.0,3.0,2.0,2.0,3.0,4.0,1.0,2.0,3.0,2.0,3.0,4.0,1.0,0.0,5.0,4.0,1.0,2.0,3.0,3.0,2.0,5.0,0.0,1.0,4.0,3.0,2.0,4.0,1.0,2.0,3.0,1.0,4.0,4.0,1.0,3.0,2.0,0.0,5.0,2.0,3.0,0.0,5.0,4.0,1.0,1.0,4.0,4.0,1.0,4.0,1.0,3.0,2.0,4.0,1.0,4.0,1.0,5.0,0.0,1.0,4.0,0.0,5.0,1.0,4.0
72,5.0,6.0,7.0,0.0,0.2236608790239797,-0.5608042276242573,0.0,g6t5,6.0,5.0,1.0,4.0,1.0,4.0,1.0,4.0,1.0,4.0,0.0,5.0,0.0,5.0,0.0,5.0,5.0,0.0,5.0,0.0,3.0,2.0,0.0,5.0,2.0,3.0,0.0,5.0,3.0,2.0,5.0,0.0,4.0,1.0,5.0,0.0,3.0,2.0,5.0,0.0,3.0,2.0,2.0,3.0,3.0,2.0,5.0,0.0,4.0,1.0,0.0,5.0,1.0,4.0,2.0,3.0,1.0,4.0,0.0,5.0,1.0,4.0,2.0,3.0,1.0,4.0,2.0,3.0,5.0,0.0,5.0,0.0,0.0,5.0,0.0,5.0,3.0,2.0,3.0,2.0,2.0,3.0,1.0,4.0
74,6.0,6.0,12.0,0.0,0.14280732377982683,-0.6092955381364119,0.0,g6t6,6.0,6.0,2.0,3.0,2.0,3.0,1.0,4.0,1.0,4.0,1.0,4.0,1.0,4.0,0.0,5.0,5.0,0.0,5.0,0.0,3.0,2.0,1.0,4.0,1.0,4.0,0.0,5.0,1.0,4.0,4.0,1.0,4.0,1.0,4.0,1.0,3.0,2.0,5.0,0.0,1.0,4.0,4.0,1.0,2.0,3.0,5.0,0.0,4.0,1.0,1.0,4.0,0.0,5.0,1.0,4.0,3.0,2.0,1.0,4.0,4.0,1.0,4.0,1.0,0.0,5.0,1.0,4.0,4.0,1.0,4.0,1.0,0.0,5.0,0.0,5.0,3.0,2.0,1.0,4.0,1.0,4.0,3.0,2.0
76,7.0,6.0,8.0,0.0,0.12837702148934396,-0.8022166015997318,1.0,g6t7,6.0,7.0,1.0,4.0,0.0,5.0,1.0,4.0,2.0,3.0,0.0,5.0,1.0,4.0,0.0,5.0,4.0,1.0,5.0,0.0,4.0,1.0,0.0,5.0,0.0,5.0,0.0,5.0,0.0,5.0,4.0,1.0,5.0,0.0,5.0,0.0,4.0,1.0,4.0,1.0,4.0,1.0,3.0,2.0,3.0,2.0,5.0,0.0,5.0,0.0,0.0,5.0,0.0,5.0,3.0,2.0,3.0,2.0,0.0,5.0,3.0,2.0,1.0,4.0,4.0,1.0,0.0,5.0,4.0,1.0,3.0,2.0,0.0,5.0,0.0,5.0,0.0,5.0,2.0,3.0,1.0,4.0,4.0,1.0
78,8.0,6.0,14.0,0.0,0.14802323037866083,0.2346102385675172,3.0,g6t8,6.0,8.0,1.0,4.0,1.0,4.0,0.0,5.0,2.0,3.0,0.0,5.0,0.0,5.0,1.0,4.0,4.0,1.0,5.0,0.0,2.0,3.0,4.0,1.0,0.0,5.0,0.0,5.0,3.0,2.0,5.0,0.0,3.0,2.0,4.0,1.0,2.0,3.0,5.0,0.0,1.0,4.0,3.0,2.0,1.0,4.0,5.0,0.0,4.0,1.0,1.0,4.0,1.0,4.0,3.0,2.0,2.0,3.0,0.0,5.0,2.0,3.0,5.0,0.0,1.0,4.0,3.0,2.0,5.0,0.0,4.0,1.0,2.0,3.0,1.0,4.0,3.0,2.0,3.0,2.0,2.0,3.0,1.0,4.0
80,9.0,6.0,10.0,0.0,0.11429995470182931,0.2211332873978388,0.0,g6t9,6.0,9.0,2.0,3.0,0.0,5.0,1.0,4.0,4.0,1.0,0.0,5.0,0.0,5.0,4.0,1.0,0.0,5.0,4.0,1.0,3.0,2.0,1.0,4.0,3.0,2.0,1.0,4.0,1.0,4.0,5.0,0.0,2.0,3.0,3.0,2.0,1.0,4.0,4.0,1.0,3.0,2.0,4.0,1.0,0.0,5.0,5.0,0.0,3.0,2.0,1.0,4.0,2.0,3.0,0.0,5.0,0.0,5.0,1.0,4.0,0.0,5.0,2.0,3.0,3.0,2.0,0.0,5.0,5.0,0.0,4.0,1.0,5.0,0.0,5.0,0.0,2.0,3.0,4.0,1.0,1.0,4.0,4.0,1.0
82,10.0,6.0,9.0,0.0,0.15044523980616084,-0.4321960354163189,2.0,g6t10,6.0,10.0,1.0,4.0,0.0,5.0,0.0,5.0,0.0,5.0,1.0,4.0,0.0,5.0,0.0,5.0,5.0,0.0,5.0,0.0,4.0,1.0,1.0,4.0,0.0,5.0,1.0,4.0,0.0,5.0,5.0,0.0,5.0,0.0,4.0,1.0,4.0,1.0,5.0,0.0,4.0,1.0,4.0,1.0,2.0,3.0,5.0,0.0,4.0,1.0,0.0,5.0,0.0,5.0,3.0,2.0,3.0,2.0,0.0,5.0,1.0,4.0,1.0,4.0,4.0,1.0,1.0,4.0,3.0,2.0,4.0,1.0,0.0,5.0,0.0,5.0,2.0,3.0,2.0,3.0,3.0,2.0,3.0,2.0
84,12.0,6.0,10.0,0.0,0.1683057169315187,0.661796709486019,1.0,g6t12,6.0,12.0,4.0,1.0,0.0,5.0,2.0,3.0,0.0,5.0,1.0,4.0,1.0,4.0,1.0,4.0,5.0,0.0,4.0,1.0,5.0,0.0,4.0,1.0,0.0,5.0,1.0,4.0,0.0,5.0,3.0,2.0,5.0,0.0,5.0,0.0,5.0,0.0,5.0,0.0,5.0,0.0,2.0,3.0,4.0,1.0,4.0,1.0,5.0,0.0,1.0,4.0,0.0,5.0,1.0,4.0,4.0,1.0,0.0,5.0,1.0,4.0,2.0,3.0,3.0,2.0,0.0,5.0,2.0,3.0,2.0,3.0,0.0,5.0,0.0,5.0,1.0,4.0,3.0,2.0,4.0,1.0,2.0,3.0
86,3.0,7.0,8.0,0.0,0.10750416908629495,0.8267887003070973,1.0,g7t3,7.0,3.0,1.0,4.0,1.0,4.0,1.0,4.0,2.0,3.0,1.0,4.0,0.0,5.0,5.0,0.0,1.0,4.0,4.0,1.0,5.0,0.0,0.0,5.0,1.0,4.0,1.0,4.0,1.0,4.0,4.0,1.0,4.0,1.0,3.0,2.0,3.0,2.0,4.0,1.0,5.0,0.0,1.0,4.0,4.0,1.0,5.0,0.0,5.0,0.0,1.0,4.0,1.0,4.0,1.0,4.0,0.0,5.0,1.0,4.0,0.0,5.0,2.0,3.0,3.0,2.0,1.0,4.0,2.0,3.0,2.0,3.0,5.0,0.0,5.0,0.0,4.0,1.0,1.0,4.0,4.0,1.0,3.0,2.0
88,4.0,7.0,10.0,0.0,0.12639084260920808,-0.3738139783744033,0.0,g7t4,7.0,4.0,1.0,4.0,1.0,4.0,0.0,5.0,0.0,5.0,1.0,4.0,0.0,5.0,4.0,1.0,1.0,4.0,4.0,1.0,5.0,0.0,0.0,5.0,2.0,3.0,1.0,4.0,1.0,4.0,5.0,0.0,5.0,0.0,4.0,1.0,2.0,3.0,3.0,2.0,5.0,0.0,4.0,1.0,3.0,2.0,5.0,0.0,5.0,0.0,0.0,5.0,1.0,4.0,3.0,2.0,1.0,4.0,2.0,3.0,0.0,5.0,1.0,4.0,4.0,1.0,3.0,2.0,1.0,4.0,2.0,3.0,4.0,1.0,4.0,1.0,4.0,1.0,3.0,2.0,1.0,4.0,1.0,4.0
90,5.0,7.0,18.0,0.0,0.14196482064275892,0.27932145875009273,6.0,g7t5,7.0,5.0,0.0,5.0,4.0,1.0,0.0,5.0,0.0,5.0,2.0,3.0,3.0,2.0,0.0,5.0,5.0,0.0,2.0,3.0,3.0,2.0,2.0,3.0,4.0,1.0,2.0,3.0,4.0,1.0,4.0,1.0,4.0,1.0,1.0,4.0,2.0,3.0,1.0,4.0,2.0,3.0,0.0,5.0,3.0,2.0,5.0,0.0,4.0,1.0,0.0,5.0,3.0,2.0,5.0,0.0,2.0,3.0,0.0,5.0,4.0,1.0,5.0,0.0,2.0,3.0,5.0,0.0,3.0,2.0,1.0,4.0,0.0,5.0,0.0,5.0,4.0,1.0,0.0,5.0,0.0,5.0,1.0,4.0
92,6.0,7.0,5.0,0.0,0.13785869191192246,0.8689607025973326,0.0,g7t6,7.0,6.0,0.0,5.0,1.0,4.0,0.0,5.0,0.0,5.0,1.0,4.0,1.0,4.0,0.0,5.0,4.0,1.0,5.0,0.0,5.0,0.0,0.0,5.0,1.0,4.0,1.0,4.0,0.0,5.0,5.0,0.0,5.0,0.0,5.0,0.0,4.0,1.0,5.0,0.0,5.0,0.0,2.0,3.0,4.0,1.0,4.0,1.0,5.0,0.0,0.0,5.0,0.0,5.0,3.0,2.0,2.0,3.0,1.0,4.0,2.0,3.0,0.0,5.0,5.0,0.0,0.0,5.0,4.0,1.0,1.0,4.0,0.0,5.0,0.0,5.0,4.0,1.0,1.0,4.0,1.0,4.0,1.0,4.0
94,8.0,7.0,7.0,0.0,0.16812758294198948,0.5761047262087222,0.0,g7t8,7.0,8.0,1.0,4.0,0.0,5.0,1.0,4.0,1.0,4.0,1.0,4.0,0.0,5.0,1.0,4.0,4.0,1.0,5.0,0.0,5.0,0.0,0.0,5.0,1.0,4.0,1.0,4.0,0.0,5.0,5.0,0.0,5.0,0.0,5.0,0.0,5.0,0.0,3.0,2.0,4.0,1.0,3.0,2.0,4.0,1.0,5.0,0.0,5.0,0.0,0.0,5.0,1.0,4.0,5.0,0.0,3.0,2.0,0.0,5.0,2.0,3.0,2.0,3.0,3.0,2.0,2.0,3.0,3.0,2.0,2.0,3.0,0.0,5.0,1.0,4.0,5.0,0.0,1.0,4.0,1.0,4.0,2.0,3.0
96,9.0,7.0,13.0,0.0,0.14752762659682056,-0.6614047417828854,1.0,g7t9,7.0,9.0,0.0,5.0,2.0,3.0,0.0,5.0,2.0,3.0,2.0,3.0,1.0,4.0,5.0,0.0,1.0,4.0,2.0,3.0,4.0,1.0,1.0,4.0,4.0,1.0,3.0,2.0,1.0,4.0,4.0,1.0,4.0,1.0,4.0,1.0,4.0,1.0,0.0,5.0,4.0,1.0,0.0,5.0,2.0,3.0,5.0,0.0,4.0,1.0,0.0,5.0,1.0,4.0,3.0,2.0,0.0,5.0,0.0,5.0,1.0,4.0,2.0,3.0,3.0,2.0,5.0,0.0,2.0,3.0,1.0,4.0,4.0,1.0,5.0,0.0,4.0,1.0,2.0,3.0,2.0,3.0,2.0,3.0
98,10.0,7.0,8.0,0.0,0.15499343572164573,-0.5000741386872991,2.0,g7t10,7.0,10.0,1.0,4.0,1.0,4.0,0.0,5.0,0.0,5.0,2.0,3.0,0.0,5.0,0.0,5.0,5.0,0.0,5.0,0.0,5.0,0.0,1.0,4.0,2.0,3.0,1.0,4.0,2.0,3.0,5.0,0.0,5.0,0.0,5.0,0.0,4.0,1.0,4.0,1.0,4.0,1.0,3.0,2.0,3.0,2.0,3.0,2.0,5.0,0.0,0.0,5.0,1.0,4.0,5.0,0.0,2.0,3.0,0.0,5.0,0.0,5.0,1.0,4.0,4.0,1.0,1.0,4.0,4.0,1.0,3.0,2.0,0.0,5.0,0.0,5.0,4.0,1.0,0.0,5.0,1.0,4.0,5.0,0.0
100,11.0,7.0,7.0,0.0,0.11604702359955028,0.590369333071065,1.0,g7t11,7.0,11.0,1.0,4.0,0.0,5.0,0.0,5.0,0.0,5.0,1.0,4.0,0.0,5.0,5.0,0.0,0.0,5.0,5.0,0.0,5.0,0.0,2.0,3.0,0.0,5.0,1.0,4.0,1.0,4.0,5.0,0.0,5.0,0.0,3.0,2.0,3.0,2.0,4.0,1.0,5.0,0.0,3.0,2.0,4.0,1.0,4.0,1.0,5.0,0.0,0.0,5.0,0.0,5.0,3.0,2.0,3.0,2.0,2.0,3.0,0.0,5.0,0.0,5.0,5.0,0.0,2.0,3.0,3.0,2.0,3.0,2.0,5.0,0.0,5.0,0.0,4.0,1.0,5.0,0.0,2.0,3.0,2.0,3.0
102,12.0,7.0,9.0,0.0,0.11233839095757668,-0.6028336397173963,0.0,g7t12,7.0,12.0,0.0,5.0,2.0,3.0,0.0,5.0,1.0,4.0,1.0,4.0,2.0,3.0,1.0,4.0,5.0,0.0,5.0,0.0,5.0,0.0,0.0,5.0,2.0,3.0,0.0,5.0,2.0,3.0,5.0,0.0,5.0,0.0,5.0,0.0,4.0,1.0,5.0,0.0,5.0,0.0,2.0,3.0,3.0,2.0,4.0,1.0,5.0,0.0,0.0,5.0,0.0,5.0,3.0,2.0,4.0,1.0,0.0,5.0,2.0,3.0,0.0,5.0,5.0,0.0,1.0,4.0,3.0,2.0,4.0,1.0,0.0,5.0,0.0,5.0,4.0,1.0,0.0,5.0,0.0,5.0,2.0,3.0
104,14.0,7.0,6.0,0.0,0.13706275816004262,-0.5073002155049623,2.0,g7t14,7.0,14.0,0.0,5.0,1.0,4.0,0.0,5.0,0.0,5.0,1.0,4.0,1.0,4.0,0.0,5.0,5.0,0.0,5.0,0.0,4.0,1.0,0.0,5.0,0.0,5.0,0.0,5.0,0.0,5.0,5.0,0.0,5.0,0.0,5.0,0.0,5.0,0.0,5.0,0.0,5.0,0.0,3.0,2.0,4.0,1.0,4.0,1.0,5.0,0.0,0.0,5.0,0.0,5.0,5.0,0.0,5.0,0.0,0.0,5.0,4.0,1.0,1.0,4.0,4.0,1.0,0.0,5.0,2.0,3.0,0.0,5.0,0.0,5.0,0.0,5.0,4.0,1.0,1.0,4.0,2.0,3.0,4.0,1.0
106,3.0,8.0,6.0,0.0,0.13975964010998526,0.5644781338579634,0.0,g8t3,8.0,3.0,0.0,5.0,0.0,5.0,0.0,5.0,0.0,5.0,2.0,3.0,0.0,5.0,5.0,0.0,0.0,5.0,5.0,0.0,5.0,0.0,0.0,5.0,0.0,5.0,1.0,4.0,0.0,5.0,5.0,0.0,4.0,1.0,4.0,1.0,3.0,2.0,3.0,2.0,5.0,0.0,4.0,1.0,3.0,2.0,4.0,1.0,5.0,0.0,1.0,4.0,0.0,5.0,4.0,1.0,4.0,1.0,2.0,3.0,0.0,5.0,1.0,4.0,4.0,1.0,2.0,3.0,1.0,4.0,1.0,4.0,5.0,0.0,5.0,0.0,2.0,3.0,4.0,1.0,4.0,1.0,4.0,1.0
108,5.0,8.0,9.0,0.0,0.16633418603472944,-0.5934821556528768,1.0,g8t5,8.0,5.0,1.0,4.0,0.0,5.0,1.0,4.0,0.0,5.0,2.0,3.0,0.0,5.0,2.0,3.0,4.0,1.0,2.0,3.0,5.0,0.0,0.0,5.0,2.0,3.0,1.0,4.0,1.0,4.0,3.0,2.0,5.0,0.0,4.0,1.0,4.0,1.0,3.0,2.0,5.0,0.0,2.0,3.0,4.0,1.0,4.0,1.0,5.0,0.0,0.0,5.0,0.0,5.0,3.0,2.0,3.0,2.0,2.0,3.0,1.0,4.0,2.0,3.0,4.0,1.0,1.0,4.0,3.0,2.0,1.0,4.0,1.0,4.0,0.0,5.0,2.0,3.0,2.0,3.0,2.0,3.0,3.0,2.0
110,6.0,8.0,7.0,0.0,0.15311135579970434,-0.6429155224009669,0.0,g8t6,8.0,6.0,2.0,3.0,1.0,4.0,2.0,3.0,1.0,4.0,0.0,5.0,3.0,2.0,3.0,2.0,2.0,3.0,4.0,1.0,4.0,1.0,1.0,4.0,0.0,5.0,0.0,5.0,1.0,4.0,4.0,1.0,5.0,0.0,4.0,1.0,2.0,3.0,4.0,1.0,3.0,2.0,4.0,1.0,2.0,3.0,5.0,0.0,5.0,0.0,0.0,5.0,0.0,5.0,1.0,4.0,2.0,3.0,0.0,5.0,2.0,3.0,1.0,4.0,5.0,0.0,0.0,5.0,2.0,3.0,3.0,2.0,3.0,2.0,1.0,4.0,2.0,3.0,3.0,2.0,2.0,3.0,3.0,2.0
112,7.0,8.0,10.0,0.0,0.1864043196528801,0.3605840563655807,1.0,g8t7,8.0,7.0,1.0,4.0,0.0,5.0,0.0,5.0,0.0,5.0,1.0,4.0,0.0,5.0,0.0,5.0,5.0,0.0,3.0,2.0,5.0,0.0,2.0,3.0,0.0,5.0,2.0,3.0,0.0,5.0,5.0,0.0,5.0,0.0,5.0,0.0,5.0,0.0,3.0,2.0,4.0,1.0,2.0,3.0,3.0,2.0,4.0,1.0,5.0,0.0,0.0,5.0,0.0,5.0,2.0,3.0,3.0,2.0,2.0,3.0,2.0,3.0,2.0,3.0,3.0,2.0,3.0,2.0,1.0,4.0,2.0,3.0,0.0,5.0,1.0,4.0,1.0,4.0,3.0,2.0,4.0,1.0,3.0,2.0
114,8.0,8.0,6.0,0.0,0.14246232564165087,-0.6869312116485321,1.0,g8t8,8.0,8.0,2.0,3.0,0.0,5.0,1.0,4.0,0.0,5.0,1.0,4.0,2.0,3.0,2.0,3.0,4.0,1.0,2.0,3.0,4.0,1.0,1.0,4.0,1.0,4.0,1.0,4.0,1.0,4.0,4.0,1.0,5.0,0.0,4.0,1.0,3.0,2.0,4.0,1.0,4.0,1.0,2.0,3.0,3.0,2.0,3.0,2.0,4.0,1.0,1.0,4.0,0.0,5.0,2.0,3.0,1.0,4.0,1.0,4.0,1.0,4.0,2.0,3.0,2.0,3.0,1.0,4.0,2.0,3.0,1.0,4.0,1.0,4.0,1.0,4.0,4.0,1.0,2.0,3.0,4.0,1.0,3.0,2.0
116,10.0,8.0,7.0,0.0,0.23111250426546182,-0.3924697879934163,3.0,g8t10,8.0,10.0,1.0,4.0,1.0,4.0,0.0,5.0,0.0,5.0,0.0,5.0,1.0,4.0,2.0,3.0,3.0,2.0,4.0,1.0,5.0,0.0,1.0,4.0,0.0,5.0,1.0,4.0,2.0,3.0,4.0,1.0,5.0,0.0,4.0,1.0,5.0,0.0,5.0,0.0,5.0,0.0,2.0,3.0,3.0,2.0,5.0,0.0,5.0,0.0,0.0,5.0,0.0,5.0,4.0,1.0,3.0,2.0,0.0,5.0,2.0,3.0,4.0,1.0,0.0,5.0,2.0,3.0,3.0,2.0,2.0,3.0,2.0,3.0,1.0,4.0,2.0,3.0,2.0,3.0,2.0,3.0,3.0,2.0
118,12.0,8.0,5.0,0.0,0.11822468106919064,-0.8664485906911539,0.0,g8t12,8.0,12.0,0.0,5.0,0.0,5.0,0.0,5.0,0.0,5.0,1.0,4.0,1.0,4.0,0.0,5.0,5.0,0.0,5.0,0.0,5.0,0.0,0.0,5.0,0.0,5.0,0.0,5.0,1.0,4.0,5.0,0.0,5.0,0.0,5.0,0.0,5.0,0.0,5.0,0.0,4.0,1.0,3.0,2.0,2.0,3.0,5.0,0.0,5.0,0.0,0.0,5.0,1.0,4.0,4.0,1.0,3.0,2.0,0.0,5.0,1.0,4.0,2.0,3.0,3.0,2.0,2.0,3.0,1.0,4.0,1.0,4.0,0.0,5.0,0.0,5.0,4.0,1.0,2.0,3.0,3.0,2.0,4.0,1.0
120,13.0,8.0,9.0,0.0,0.1468346259848548,-0.2954087454399274,0.0,g8t13,8.0,13.0,3.0,2.0,0.0,5.0,0.0,5.0,0.0,5.0,1.0,4.0,1.0,4.0,5.0,0.0,1.0,4.0,5.0,0.0,4.0,1.0,1.0,4.0,0.0,5.0,0.0,5.0,0.0,5.0,4.0,1.0,4.0,1.0,2.0,3.0,4.0,1.0,3.0,2.0,4.0,1.0,2.0,3.0,2.0,3.0,5.0,0.0,5.0,0.0,1.0,4.0,0.0,5.0,1.0,4.0,2.0,3.0,1.0,4.0,0.0,5.0,3.0,2.0,1.0,4.0,3.0,2.0,0.0,5.0,2.0,3.0,4.0,1.0,5.0,0.0,0.0,5.0,5.0,0.0,5.0,0.0,2.0,3.0
122,14.0,8.0,17.0,0.0,0.14764244336464546,0.557693998122744,5.0,g8t14,8.0,14.0,2.0,3.0,0.0,5.0,0.0,5.0,0.0,5.0,3.0,2.0,0.0,5.0,3.0,2.0,4.0,1.0,5.0,0.0,5.0,0.0,2.0,3.0,0.0,5.0,1.0,4.0,2.0,3.0,4.0,1.0,5.0,0.0,5.0,0.0,4.0,1.0,5.0,0.0,4.0,1.0,3.0,2.0,3.0,2.0,4.0,1.0,5.0,0.0,0.0,5.0,0.0,5.0,2.0,3.0,4.0,1.0,2.0,3.0,0.0,5.0,1.0,4.0,3.0,2.0,4.0,1.0,2.0,3.0,3.0,2.0,2.0,3.0,2.0,3.0,4.0,1.0,3.0,2.0,2.0,3.0,2.0,3.0
124,1.0,9.0,6.0,0.0,0.11497601091869677,-0.5347310554101387,0.0,g9t1,9.0,1.0,4.0,1.0,1.0,4.0,0.0,5.0,2.0,3.0,0.0,5.0,1.0,4.0,4.0,1.0,1.0,4.0,5.0,0.0,1.0,4.0,2.0,3.0,2.0,3.0,1.0,4.0,2.0,3.0,5.0,0.0,4.0,1.0,3.0,2.0,1.0,4.0,5.0,0.0,2.0,3.0,5.0,0.0,1.0,4.0,5.0,0.0,3.0,2.0,1.0,4.0,2.0,3.0,3.0,2.0,3.0,2.0,0.0,5.0,1.0,4.0,2.0,3.0,5.0,0.0,4.0,1.0,2.0,3.0,2.0,3.0,4.0,1.0,4.0,1.0,3.0,2.0,4.0,1.0,2.0,3.0,2.0,3.0
126,2.0,9.0,5.0,0.0,0.08723370101489819,0.9520629218708686,0.0,g9t2,9.0,2.0,0.0,5.0,0.0,5.0,0.0,5.0,2.0,3.0,0.0,5.0,0.0,5.0,5.0,0.0,0.0,5.0,5.0,0.0,2.0,3.0,0.0,5.0,1.0,4.0,0.0,5.0,0.0,5.0,5.0,0.0,4.0,1.0,4.0,1.0,3.0,2.0,5.0,0.0,3.0,2.0,3.0,2.0,1.0,4.0,5.0,0.0,5.0,0.0,0.0,5.0,0.0,5.0,2.0,3.0,2.0,3.0,2.0,3.0,0.0,5.0,2.0,3.0,3.0,2.0,1.0,4.0,3.0,2.0,3.0,2.0,5.0,0.0,5.0,0.0,4.0,1.0,5.0,0.0,1.0,4.0,1.0,4.0
128,4.0,9.0,7.0,0.0,0.11386648578597917,-0.906531292454839,0.0,g9t4,9.0,4.0,2.0,3.0,1.0,4.0,1.0,4.0,1.0,4.0,1.0,4.0,0.0,5.0,5.0,0.0,0.0,5.0,4.0,1.0,5.0,0.0,3.0,2.0,3.0,2.0,2.0,3.0,2.0,3.0,5.0,0.0,5.0,0.0,5.0,0.0,3.0,2.0,3.0,2.0,4.0,1.0,1.0,4.0,1.0,4.0,5.0,0.0,4.0,1.0,2.0,3.0,1.0,4.0,2.0,3.0,2.0,3.0,2.0,3.0,0.0,5.0,3.0,2.0,5.0,0.0,3.0,2.0,3.0,2.0,3.0,2.0,5.0,0.0,5.0,0.0,3.0,2.0,5.0,0.0,2.0,3.0,2.0,3.0
130,5.0,9.0,5.0,0.0,0.1282188031171244,-0.5184783232406647,1.0,g9t5,9.0,5.0,1.0,4.0,1.0,4.0,1.0,4.0,0.0,5.0,0.0,5.0,0.0,5.0,1.0,4.0,4.0,1.0,4.0,1.0,5.0,0.0,2.0,3.0,0.0,5.0,2.0,3.0,2.0,3.0,4.0,1.0,5.0,0.0,3.0,2.0,5.0,0.0,5.0,0.0,4.0,1.0,3.0,2.0,3.0,2.0,4.0,1.0,5.0,0.0,1.0,4.0,1.0,4.0,3.0,2.0,3.0,2.0,1.0,4.0,1.0,4.0,1.0,4.0,5.0,0.0,2.0,3.0,2.0,3.0,3.0,2.0,1.0,4.0,1.0,4.0,3.0,2.0,2.0,3.0,1.0,4.0,3.0,2.0
132,6.0,9.0,5.0,0.0,0.12576144168595838,-0.8262698889097003,0.0,g9t6,9.0,6.0,1.0,4.0,4.0,1.0,2.0,3.0,1.0,4.0,2.0,3.0,2.0,3.0,0.0,5.0,3.0,2.0,4.0,1.0,5.0,0.0,0.0,5.0,2.0,3.0,0.0,5.0,1.0,4.0,4.0,1.0,4.0,1.0,4.0,1.0,4.0,1.0,3.0,2.0,3.0,2.0,1.0,4.0,2.0,3.0,4.0,1.0,5.0,0.0,1.0,4.0,1.0,4.0,4.0,1.0,2.0,3.0,1.0,4.0,3.0,2.0,2.0,3.0,3.0,2.0,3.0,2.0,1.0,4.0,1.0,4.0,0.0,5.0,0.0,5.0,3.0,2.0,0.0,5.0,2.0,3.0,1.0,4.0
134,7.0,9.0,10.0,0.0,0.16766328913180803,-0.4504805588703239,3.0,g9t7,9.0,7.0,0.0,5.0,2.0,3.0,1.0,4.0,0.0,5.0,0.0,5.0,1.0,4.0,1.0,4.0,3.0,2.0,4.0,1.0,4.0,1.0,0.0,5.0,1.0,4.0,1.0,4.0,2.0,3.0,4.0,1.0,5.0,0.0,4.0,1.0,4.0,1.0,4.0,1.0,3.0,2.0,2.0,3.0,1.0,4.0,5.0,0.0,5.0,0.0,0.0,5.0,0.0,5.0,2.0,3.0,4.0,1.0,0.0,5.0,1.0,4.0,1.0,4.0,5.0,0.0,3.0,2.0,1.0,4.0,2.0,3.0,2.0,3.0,0.0,5.0,2.0,3.0,2.0,3.0,2.0,3.0,3.0,2.0
136,9.0,9.0,7.0,0.0,0.10759836785720281,0.4799521564911242,0.0,g9t9,9.0,9.0,1.0,4.0,2.0,3.0,0.0,5.0,0.0,5.0,0.0,5.0,0.0,5.0,5.0,0.0,0.0,5.0,3.0,2.0,4.0,1.0,0.0,5.0,2.0,3.0,2.0,3.0,1.0,4.0,5.0,0.0,4.0,1.0,4.0,1.0,3.0,2.0,2.0,3.0,5.0,0.0,1.0,4.0,3.0,2.0,5.0,0.0,5.0,0.0,0.0,5.0,0.0,5.0,5.0,0.0,2.0,3.0,3.0,2.0,0.0,5.0,2.0,3.0,3.0,2.0,1.0,4.0,1.0,4.0,1.0,4.0,5.0,0.0,4.0,1.0,5.0,0.0,4.0,1.0,2.0,3.0,3.0,2.0
138,11.0,9.0,9.0,0.0,0.10928637625127065,0.48074818261095414,3.0,g9t11,9.0,11.0,1.0,4.0,1.0,4.0,0.0,5.0,2.0,3.0,0.0,5.0,0.0,5.0,5.0,0.0,0.0,5.0,3.0,2.0,2.0,3.0,1.0,4.0,3.0,2.0,2.0,3.0,3.0,2.0,4.0,1.0,4.0,1.0,3.0,2.0,3.0,2.0,2.0,3.0,3.0,2.0,2.0,3.0,0.0,5.0,5.0,0.0,3.0,2.0,1.0,4.0,1.0,4.0,2.0,3.0,1.0,4.0,1.0,4.0,0.0,5.0,1.0,4.0,4.0,1.0,3.0,2.0,3.0,2.0,2.0,3.0,5.0,0.0,4.0,1.0,4.0,1.0,4.0,1.0,1.0,4.0,1.0,4.0
140,13.0,9.0,11.0,0.0,0.1070746330472804,-0.46483168830445826,1.0,g9t13,9.0,13.0,0.0,5.0,0.0,5.0,0.0,5.0,2.0,3.0,1.0,4.0,0.0,5.0,5.0,0.0,0.0,5.0,5.0,0.0,4.0,1.0,1.0,4.0,0.0,5.0,3.0,2.0,3.0,2.0,4.0,1.0,4.0,1.0,5.0,0.0,4.0,1.0,3.0,2.0,5.0,0.0,0.0,5.0,3.0,2.0,5.0,0.0,5.0,0.0,1.0,4.0,2.0,3.0,3.0,2.0,3.0,2.0,3.0,2.0,0.0,5.0,2.0,3.0,5.0,0.0,1.0,4.0,4.0,1.0,3.0,2.0,5.0,0.0,5.0,0.0,4.0,1.0,5.0,0.0,2.0,3.0,2.0,3.0
142,14.0,9.0,5.0,0.0,0.18030182876206174,-0.6021254979094695,0.0,g9t14,9.0,14.0,1.0,4.0,0.0,5.0,1.0,4.0,0.0,5.0,0.0,5.0,0.0,5.0,1.0,4.0,4.0,1.0,4.0,1.0,4.0,1.0,1.0,4.0,0.0,5.0,0.0,5.0,1.0,4.0,4.0,1.0,5.0,0.0,5.0,0.0,4.0,1.0,4.0,1.0,4.0,1.0,2.0,3.0,2.0,3.0,5.0,0.0,5.0,0.0,1.0,4.0,0.0,5.0,3.0,2.0,5.0,0.0,0.0,5.0,3.0,2.0,2.0,3.0,5.0,0.0,0.0,5.0,1.0,4.0,3.0,2.0,1.0,4.0,0.0,5.0,1.0,4.0,2.0,3.0,1.0,4.0,3.0,2.0
144,1.0,10.0,12.0,0.0,0.0861501448873366,-0.3577512357778354,5.0,g10t1,10.0,1.0,0.0,5.0,0.0,5.0,0.0,5.0,0.0,5.0,0.0,5.0,0.0,5.0,5.0,0.0,1.0,4.0,5.0,0.0,5.0,0.0,1.0,4.0,0.0,5.0,1.0,4.0,1.0,4.0,5.0,0.0,5.0,0.0,3.0,2.0,2.0,3.0,4.0,1.0,5.0,0.0,4.0,1.0,3.0,2.0,5.0,0.0,5.0,0.0,0.0,5.0,0.0,5.0,2.0,3.0,4.0,1.0,0.0,5.0,0.0,5.0,1.0,4.0,5.0,0.0,0.0,5.0,4.0,1.0,5.0,0.0,5.0,0.0,5.0,0.0,3.0,2.0,5.0,0.0,3.0,2.0,1.0,4.0
146,2.0,10.0,7.0,0.0,0.09210579235541323,0.15343284196886628,2.0,g10t2,10.0,2.0,1.0,4.0,0.0,5.0,0.0,5.0,1.0,4.0,3.0,2.0,0.0,5.0,5.0,0.0,0.0,5.0,5.0,0.0,2.0,3.0,0.0,5.0,0.0,5.0,1.0,4.0,0.0,5.0,5.0,0.0,4.0,1.0,2.0,3.0,4.0,1.0,4.0,1.0,3.0,2.0,3.0,2.0,1.0,4.0,5.0,0.0,5.0,0.0,0.0,5.0,0.0,5.0,2.0,3.0,2.0,3.0,2.0,3.0,0.0,5.0,1.0,4.0,5.0,0.0,0.0,5.0,2.0,3.0,4.0,1.0,5.0,0.0,5.0,0.0,3.0,2.0,4.0,1.0,3.0,2.0,4.0,1.0
148,3.0,10.0,15.0,0.0,0.09322214330045217,0.5446202855975067,1.0,g10t3,10.0,3.0,2.0,3.0,0.0,5.0,0.0,5.0,0.0,5.0,0.0,5.0,1.0,4.0,4.0,1.0,1.0,4.0,4.0,1.0,5.0,0.0,2.0,3.0,1.0,4.0,2.0,3.0,1.0,4.0,4.0,1.0,5.0,0.0,5.0,0.0,5.0,0.0,4.0,1.0,4.0,1.0,4.0,1.0,2.0,3.0,4.0,1.0,5.0,0.0,3.0,2.0,0.0,5.0,0.0,5.0,2.0,3.0,1.0,4.0,0.0,5.0,1.0,4.0,4.0,1.0,1.0,4.0,3.0,2.0,3.0,2.0,4.0,1.0,4.0,1.0,3.0,2.0,4.0,1.0,2.0,3.0,4.0,1.0
150,4.0,10.0,16.0,0.0,0.09089851993603816,-0.14670454607171757,4.0,g10t4,10.0,4.0,3.0,2.0,1.0,4.0,1.0,4.0,2.0,3.0,3.0,2.0,0.0,5.0,5.0,0.0,1.0,4.0,3.0,2.0,4.0,1.0,2.0,3.0,1.0,4.0,4.0,1.0,2.0,3.0,4.0,1.0,5.0,0.0,2.0,3.0,3.0,2.0,1.0,4.0,4.0,1.0,3.0,2.0,1.0,4.0,2.0,3.0,5.0,0.0,1.0,4.0,0.0,5.0,2.0,3.0,2.0,3.0,2.0,3.0,0.0,5.0,3.0,2.0,4.0,1.0,4.0,1.0,2.0,3.0,2.0,3.0,5.0,0.0,5.0,0.0,2.0,3.0,5.0,0.0,3.0,2.0,2.0,3.0
152,5.0,10.0,14.0,0.0,0.12894054313921255,-0.3128639275821244,1.0,g10t5,10.0,5.0,0.0,5.0,0.0,5.0,0.0,5.0,1.0,4.0,0.0,5.0,0.0,5.0,0.0,5.0,5.0,0.0,5.0,0.0,5.0,0.0,0.0,5.0,0.0,5.0,0.0,5.0,0.0,5.0,5.0,0.0,5.0,0.0,4.0,1.0,4.0,1.0,5.0,0.0,5.0,0.0,4.0,1.0,3.0,2.0,5.0,0.0,5.0,0.0,0.0,5.0,0.0,5.0,2.0,3.0,3.0,2.0,1.0,4.0,0.0,5.0,0.0,5.0,4.0,1.0,0.0,5.0,4.0,1.0,3.0,2.0,0.0,5.0,1.0,4.0,2.0,3.0,3.0,2.0,3.0,2.0,3.0,2.0
154,6.0,10.0,6.0,0.0,0.12954807458174752,-0.4382527097036489,0.0,g10t6,10.0,6.0,0.0,5.0,2.0,3.0,1.0,4.0,0.0,5.0,0.0,5.0,0.0,5.0,0.0,5.0,5.0,0.0,4.0,1.0,5.0,0.0,0.0,5.0,1.0,4.0,1.0,4.0,0.0,5.0,4.0,1.0,5.0,0.0,4.0,1.0,3.0,2.0,4.0,1.0,5.0,0.0,2.0,3.0,2.0,3.0,5.0,0.0,5.0,0.0,0.0,5.0,0.0,5.0,3.0,2.0,2.0,3.0,0.0,5.0,2.0,3.0,1.0,4.0,5.0,0.0,1.0,4.0,3.0,2.0,3.0,2.0,0.0,5.0,0.0,5.0,4.0,1.0,0.0,5.0,0.0,5.0,3.0,2.0
156,7.0,10.0,12.0,0.0,0.09535642050578991,-0.4167336913914205,3.0,g10t7,10.0,7.0,2.0,3.0,2.0,3.0,0.0,5.0,0.0,5.0,0.0,5.0,1.0,4.0,1.0,4.0,4.0,1.0,5.0,0.0,5.0,0.0,1.0,4.0,0.0,5.0,2.0,3.0,1.0,4.0,5.0,0.0,5.0,0.0,2.0,3.0,2.0,3.0,5.0,0.0,4.0,1.0,4.0,1.0,4.0,1.0,5.0,0.0,5.0,0.0,1.0,4.0,1.0,4.0,3.0,2.0,2.0,3.0,0.0,5.0,2.0,3.0,1.0,4.0,4.0,1.0,1.0,4.0,2.0,3.0,2.0,3.0,1.0,4.0,1.0,4.0,3.0,2.0,2.0,3.0,3.0,2.0,3.0,2.0
158,8.0,10.0,19.0,0.0,0.1056137982612026,0.7645767125007038,0.0,g10t8,10.0,8.0,0.0,5.0,0.0,5.0,0.0,5.0,1.0,4.0,0.0,5.0,0.0,5.0,2.0,3.0,2.0,3.0,4.0,1.0,5.0,0.0,1.0,4.0,1.0,4.0,2.0,3.0,2.0,3.0,5.0,0.0,5.0,0.0,4.0,1.0,3.0,2.0,5.0,0.0,5.0,0.0,3.0,2.0,4.0,1.0,5.0,0.0,5.0,0.0,0.0,5.0,0.0,5.0,2.0,3.0,2.0,3.0,1.0,4.0,0.0,5.0,1.0,4.0,5.0,0.0,2.0,3.0,3.0,2.0,2.0,3.0,2.0,3.0,2.0,3.0,3.0,2.0,2.0,3.0,3.0,2.0,2.0,3.0
160,9.0,10.0,49.0,0.0,0.09652195148856389,-0.18919993810750776,3.0,g10t9,10.0,9.0,0.0,5.0,0.0,5.0,1.0,4.0,1.0,4.0,0.0,5.0,0.0,5.0,5.0,0.0,0.0,5.0,5.0,0.0,3.0,2.0,1.0,4.0,1.0,4.0,0.0,5.0,5.0,0.0,4.0,1.0,3.0,2.0,4.0,1.0,2.0,3.0,5.0,0.0,3.0,2.0,3.0,2.0,3.0,2.0,4.0,1.0,4.0,1.0,0.0,5.0,0.0,5.0,1.0,4.0,2.0,3.0,0.0,5.0,0.0,5.0,2.0,3.0,5.0,0.0,3.0,2.0,3.0,2.0,5.0,0.0,5.0,0.0,5.0,0.0,3.0,2.0,4.0,1.0,1.0,4.0,0.0,5.0
162,10.0,10.0,43.0,0.0,0.10019457303993358,-0.2716828621571285,5.0,g10t10,10.0,10.0,4.0,1.0,1.0,4.0,0.0,5.0,1.0,4.0,2.0,3.0,0.0,5.0,3.0,2.0,1.0,4.0,4.0,1.0,2.0,3.0,4.0,1.0,1.0,4.0,4.0,1.0,2.0,3.0,4.0,1.0,4.0,1.0,2.0,3.0,3.0,2.0,5.0,0.0,2.0,3.0,3.0,2.0,3.0,2.0,3.0,2.0,4.0,1.0,4.0,1.0,1.0,4.0,0.0,5.0,4.0,1.0,2.0,3.0,0.0,5.0,2.0,3.0,4.0,1.0,4.0,1.0,2.0,3.0,3.0,2.0,3.0,2.0,2.0,3.0,0.0,5.0,5.0,0.0,3.0,2.0,4.0,1.0
164,11.0,10.0,13.0,0.0,0.10680643760271491,0.4900672241814529,2.0,g10t11,10.0,11.0,0.0,5.0,0.0,5.0,1.0,4.0,0.0,5.0,0.0,5.0,0.0,5.0,5.0,0.0,0.0,5.0,5.0,0.0,5.0,0.0,0.0,5.0,0.0,5.0,0.0,5.0,0.0,5.0,5.0,0.0,5.0,0.0,5.0,0.0,5.0,0.0,5.0,0.0,5.0,0.0,5.0,0.0,4.0,1.0,5.0,0.0,5.0,0.0,0.0,5.0,0.0,5.0,3.0,2.0,4.0,1.0,1.0,4.0,0.0,5.0,0.0,5.0,5.0,0.0,0.0,5.0,3.0,2.0,3.0,2.0,5.0,0.0,5.0,0.0,4.0,1.0,5.0,0.0,4.0,1.0,3.0,2.0
166,12.0,10.0,12.0,0.0,0.10497149258238953,-0.3804208847595205,5.0,g10t12,10.0,12.0,0.0,5.0,0.0,5.0,0.0,5.0,1.0,4.0,0.0,5.0,0.0,5.0,1.0,4.0,5.0,0.0,5.0,0.0,4.0,1.0,0.0,5.0,1.0,4.0,0.0,5.0,1.0,4.0,5.0,0.0,4.0,1.0,4.0,1.0,4.0,1.0,5.0,0.0,4.0,1.0,3.0,2.0,4.0,1.0,5.0,0.0,5.0,0.0,0.0,5.0,0.0,5.0,1.0,4.0,2.0,3.0,0.0,5.0,1.0,4.0,1.0,4.0,4.0,1.0,2.0,3.0,2.0,3.0,2.0,3.0,1.0,4.0,0.0,5.0,3.0,2.0,3.0,2.0,4.0,1.0,1.0,4.0
168,13.0,10.0,21.0,0.0,0.10385287766020854,-0.21215721368985707,1.0,g10t13,10.0,13.0,1.0,4.0,0.0,5.0,0.0,5.0,0.0,5.0,0.0,5.0,0.0,5.0,4.0,1.0,1.0,4.0,4.0,1.0,5.0,0.0,1.0,4.0,0.0,5.0,1.0,4.0,0.0,5.0,4.0,1.0,5.0,0.0,5.0,0.0,5.0,0.0,4.0,1.0,5.0,0.0,3.0,2.0,3.0,2.0,5.0,0.0,5.0,0.0,1.0,4.0,0.0,5.0,1.0,4.0,1.0,4.0,0.0,5.0,0.0,5.0,1.0,4.0,5.0,0.0,1.0,4.0,2.0,3.0,2.0,3.0,5.0,0.0,5.0,0.0,2.0,3.0,4.0,1.0,4.0,1.0,2.0,3.0
170,14.0,10.0,12.0,0.0,0.09824661692402378,0.6006178354835201,0.0,g10t14,10.0,14.0,0.0,5.0,0.0,5.0,2.0,3.0,0.0,5.0,0.0,5.0,0.0,5.0,2.0,3.0,3.0,2.0,5.0,0.0,4.0,1.0,0.0,5.0,0.0,5.0,0.0,5.0,0.0,5.0,4.0,1.0,5.0,0.0,5.0,0.0,2.0,3.0,4.0,1.0,4.0,1.0,3.0,2.0,3.0,2.0,4.0,1.0,5.0,0.0,0.0,5.0,0.0,5.0,2.0,3.0,2.0,3.0,0.0,5.0,0.0,5.0,1.0,4.0,5.0,0.0,3.0,2.0,2.0,3.0,2.0,3.0,0.0,5.0,1.0,4.0,2.0,3.0,2.0,3.0,4.0,1.0,3.0,2.0
172,3.0,11.0,10.0,0.0,0.09517435293044584,0.5508308655677272,0.0,g11t3,11.0,3.0,1.0,4.0,1.0,4.0,1.0,4.0,0.0,5.0,2.0,3.0,1.0,4.0,4.0,1.0,1.0,4.0,4.0,1.0,5.0,0.0,2.0,3.0,1.0,4.0,2.0,3.0,2.0,3.0,4.0,1.0,5.0,0.0,4.0,1.0,5.0,0.0,3.0,2.0,3.0,2.0,4.0,1.0,2.0,3.0,5.0,0.0,4.0,1.0,1.0,4.0,0.0,5.0,2.0,3.0,2.0,3.0,2.0,3.0,1.0,4.0,4.0,1.0,4.0,1.0,3.0,2.0,5.0,0.0,5.0,0.0,5.0,0.0,3.0,2.0,1.0,4.0,4.0,1.0,3.0,2.0,3.0,2.0
174,4.0,11.0,8.0,0.0,0.10658555893844777,-0.3066646998048638,1.0,g11t4,11.0,4.0,0.0,5.0,0.0,5.0,0.0,5.0,0.0,5.0,0.0,5.0,0.0,5.0,4.0,1.0,2.0,3.0,5.0,0.0,5.0,0.0,0.0,5.0,0.0,5.0,4.0,1.0,1.0,4.0,5.0,0.0,5.0,0.0,5.0,0.0,5.0,0.0,5.0,0.0,5.0,0.0,3.0,2.0,3.0,2.0,5.0,0.0,5.0,0.0,0.0,5.0,0.0,5.0,2.0,3.0,2.0,3.0,0.0,5.0,0.0,5.0,1.0,4.0,5.0,0.0,1.0,4.0,4.0,1.0,2.0,3.0,4.0,1.0,4.0,1.0,3.0,2.0,5.0,0.0,3.0,2.0,3.0,2.0
176,6.0,11.0,5.0,0.0,0.1675426419652724,0.702056388051503,1.0,g11t6,11.0,6.0,2.0,3.0,1.0,4.0,2.0,3.0,0.0,5.0,0.0,5.0,3.0,2.0,0.0,5.0,5.0,0.0,4.0,1.0,5.0,0.0,2.0,3.0,0.0,5.0,2.0,3.0,0.0,5.0,3.0,2.0,5.0,0.0,3.0,2.0,3.0,2.0,5.0,0.0,4.0,1.0,1.0,4.0,4.0,1.0,5.0,0.0,4.0,1.0,2.0,3.0,0.0,5.0,1.0,4.0,3.0,2.0,0.0,5.0,4.0,1.0,2.0,3.0,4.0,1.0,2.0,3.0,3.0,2.0,2.0,3.0,1.0,4.0,0.0,5.0,1.0,4.0,2.0,3.0,3.0,2.0,3.0,2.0
178,7.0,11.0,8.0,0.0,0.19747612957661848,-0.5377420557951291,2.0,g11t7,11.0,7.0,2.0,3.0,0.0,5.0,1.0,4.0,0.0,5.0,0.0,5.0,3.0,2.0,0.0,5.0,5.0,0.0,4.0,1.0,4.0,1.0,1.0,4.0,0.0,5.0,0.0,5.0,0.0,5.0,3.0,2.0,5.0,0.0,5.0,0.0,4.0,1.0,4.0,1.0,3.0,2.0,1.0,4.0,2.0,3.0,5.0,0.0,4.0,1.0,3.0,2.0,0.0,5.0,0.0,5.0,5.0,0.0,0.0,5.0,4.0,1.0,0.0,5.0,4.0,1.0,0.0,5.0,3.0,2.0,2.0,3.0,0.0,5.0,0.0,5.0,0.0,5.0,3.0,2.0,5.0,0.0,5.0,0.0
180,9.0,11.0,5.0,0.0,0.07117528538541995,0.11752499232286358,0.0,g11t9,11.0,9.0,1.0,4.0,0.0,5.0,0.0,5.0,0.0,5.0,1.0,4.0,2.0,3.0,5.0,0.0,1.0,4.0,5.0,0.0,5.0,0.0,0.0,5.0,0.0,5.0,0.0,5.0,1.0,4.0,5.0,0.0,5.0,0.0,4.0,1.0,3.0,2.0,5.0,0.0,5.0,0.0,4.0,1.0,5.0,0.0,5.0,0.0,5.0,0.0,0.0,5.0,0.0,5.0,2.0,3.0,3.0,2.0,0.0,5.0,2.0,3.0,1.0,4.0,5.0,0.0,0.0,5.0,5.0,0.0,5.0,0.0,5.0,0.0,5.0,0.0,3.0,2.0,4.0,1.0,1.0,4.0,0.0,5.0
182,10.0,11.0,5.0,0.0,0.24461916304977072,0.523343170494931,0.0,g11t10,11.0,10.0,2.0,3.0,4.0,1.0,1.0,4.0,0.0,5.0,0.0,5.0,3.0,2.0,0.0,5.0,5.0,0.0,4.0,1.0,4.0,1.0,1.0,4.0,2.0,3.0,3.0,2.0,1.0,4.0,3.0,2.0,5.0,0.0,4.0,1.0,4.0,1.0,3.0,2.0,3.0,2.0,2.0,3.0,2.0,3.0,5.0,0.0,2.0,3.0,0.0,5.0,0.0,5.0,2.0,3.0,2.0,3.0,0.0,5.0,4.0,1.0,2.0,3.0,2.0,3.0,2.0,3.0,5.0,0.0,5.0,0.0,0.0,5.0,0.0,5.0,2.0,3.0,0.0,5.0,0.0,5.0,2.0,3.0
184,11.0,11.0,7.0,0.0,0.09368203753918095,-0.36704470387084853,0.0,g11t11,11.0,11.0,2.0,3.0,0.0,5.0,2.0,3.0,0.0,5.0,2.0,3.0,2.0,3.0,5.0,0.0,2.0,3.0,5.0,0.0,4.0,1.0,2.0,3.0,0.0,5.0,0.0,5.0,3.0,2.0,4.0,1.0,5.0,0.0,3.0,2.0,3.0,2.0,3.0,2.0,3.0,2.0,3.0,2.0,3.0,2.0,4.0,1.0,5.0,0.0,1.0,4.0,0.0,5.0,0.0,5.0,3.0,2.0,2.0,3.0,1.0,4.0,1.0,4.0,5.0,0.0,1.0,4.0,3.0,2.0,4.0,1.0,4.0,1.0,4.0,1.0,0.0,5.0,3.0,2.0,2.0,3.0,2.0,3.0
186,13.0,11.0,10.0,0.0,0.08840935616392932,0.34881150337341554,2.0,g11t13,11.0,13.0,2.0,3.0,0.0,5.0,1.0,4.0,0.0,5.0,0.0,5.0,1.0,4.0,3.0,2.0,1.0,4.0,4.0,1.0,3.0,2.0,2.0,3.0,0.0,5.0,1.0,4.0,1.0,4.0,4.0,1.0,5.0,0.0,3.0,2.0,2.0,3.0,5.0,0.0,4.0,1.0,2.0,3.0,1.0,4.0,3.0,2.0,5.0,0.0,0.0,5.0,0.0,5.0,3.0,2.0,3.0,2.0,0.0,5.0,2.0,3.0,3.0,2.0,4.0,1.0,3.0,2.0,3.0,2.0,3.0,2.0,4.0,1.0,3.0,2.0,2.0,3.0,3.0,2.0,2.0,3.0,2.0,3.0
188,14.0,11.0,8.0,0.0,0.19828872080501087,0.5611640988989448,1.0,g11t14,11.0,14.0,0.0,5.0,1.0,4.0,1.0,4.0,0.0,5.0,0.0,5.0,0.0,5.0,0.0,5.0,5.0,0.0,3.0,2.0,5.0,0.0,0.0,5.0,0.0,5.0,4.0,1.0,0.0,5.0,4.0,1.0,4.0,1.0,2.0,3.0,4.0,1.0,2.0,3.0,5.0,0.0,1.0,4.0,4.0,1.0,5.0,0.0,5.0,0.0,0.0,5.0,0.0,5.0,1.0,4.0,3.0,2.0,0.0,5.0,1.0,4.0,1.0,4.0,5.0,0.0,2.0,3.0,2.0,3.0,2.0,3.0,0.0,5.0,0.0,5.0,1.0,4.0,0.0,5.0,4.0,1.0,5.0,0.0
190,1.0,12.0,7.0,0.0,0.24700284879589718,0.8174255455163527,2.0,g12t1,12.0,1.0,0.0,5.0,0.0,5.0,1.0,4.0,3.0,2.0,0.0,5.0,0.0,5.0,5.0,0.0,1.0,4.0,5.0,0.0,4.0,1.0,0.0,5.0,0.0,5.0,0.0,5.0,1.0,4.0,5.0,0.0,4.0,1.0,5.0,0.0,3.0,2.0,5.0,0.0,4.0,1.0,5.0,0.0,2.0,3.0,5.0,0.0,5.0,0.0,0.0,5.0,0.0,5.0,1.0,4.0,0.0,5.0,1.0,4.0,0.0,5.0,0.0,5.0,4.0,1.0,2.0,3.0,4.0,1.0,4.0,1.0,5.0,0.0,5.0,0.0,4.0,1.0,4.0,1.0,2.0,3.0,1.0,4.0
192,4.0,12.0,11.0,0.0,0.2022063044867849,0.6925658200996408,1.0,g12t4,12.0,4.0,1.0,4.0,0.0,5.0,0.0,5.0,1.0,4.0,1.0,4.0,1.0,4.0,5.0,0.0,0.0,5.0,5.0,0.0,4.0,1.0,1.0,4.0,2.0,3.0,3.0,2.0,2.0,3.0,4.0,1.0,4.0,1.0,4.0,1.0,4.0,1.0,4.0,1.0,5.0,0.0,4.0,1.0,2.0,3.0,5.0,0.0,4.0,1.0,0.0,5.0,0.0,5.0,3.0,2.0,2.0,3.0,2.0,3.0,0.0,5.0,1.0,4.0,4.0,1.0,3.0,2.0,1.0,4.0,3.0,2.0,5.0,0.0,4.0,1.0,4.0,1.0,3.0,2.0,2.0,3.0,2.0,3.0
194,6.0,12.0,5.0,0.0,0.13521005361229105,-0.65826171767017,1.0,g12t6,12.0,6.0,0.0,5.0,0.0,5.0,0.0,5.0,0.0,5.0,0.0,5.0,0.0,5.0,2.0,3.0,4.0,1.0,5.0,0.0,4.0,1.0,1.0,4.0,0.0,5.0,0.0,5.0,2.0,3.0,5.0,0.0,5.0,0.0,5.0,0.0,4.0,1.0,5.0,0.0,4.0,1.0,4.0,1.0,4.0,1.0,5.0,0.0,5.0,0.0,0.0,5.0,1.0,4.0,2.0,3.0,3.0,2.0,0.0,5.0,1.0,4.0,1.0,4.0,5.0,0.0,0.0,5.0,3.0,2.0,3.0,2.0,1.0,4.0,0.0,5.0,1.0,4.0,1.0,4.0,0.0,5.0,3.0,2.0
196,8.0,12.0,7.0,0.0,0.15220892782987866,-0.668625425648648,0.0,g12t8,12.0,8.0,3.0,2.0,0.0,5.0,2.0,3.0,0.0,5.0,2.0,3.0,1.0,4.0,0.0,5.0,5.0,0.0,5.0,0.0,5.0,0.0,1.0,4.0,1.0,4.0,0.0,5.0,1.0,4.0,4.0,1.0,5.0,0.0,4.0,1.0,5.0,0.0,5.0,0.0,5.0,0.0,3.0,2.0,3.0,2.0,3.0,2.0,4.0,1.0,1.0,4.0,1.0,4.0,3.0,2.0,4.0,1.0,2.0,3.0,1.0,4.0,2.0,3.0,3.0,2.0,1.0,4.0,1.0,4.0,2.0,3.0,0.0,5.0,1.0,4.0,1.0,4.0,2.0,3.0,2.0,3.0,2.0,3.0
198,9.0,12.0,11.0,0.0,0.17893490459315176,0.6699069240943755,6.0,g12t9,12.0,9.0,0.0,5.0,1.0,4.0,0.0,5.0,0.0,5.0,0.0,5.0,0.0,5.0,5.0,0.0,1.0,4.0,5.0,0.0,4.0,1.0,0.0,5.0,1.0,4.0,0.0,5.0,2.0,3.0,5.0,0.0,4.0,1.0,4.0,1.0,4.0,1.0,4.0,1.0,4.0,1.0,3.0,2.0,3.0,2.0,4.0,1.0,5.0,0.0,0.0,5.0,1.0,4.0,2.0,3.0,3.0,2.0,2.0,3.0,1.0,4.0,1.0,4.0,5.0,0.0,2.0,3.0,4.0,1.0,4.0,1.0,4.0,1.0,4.0,1.0,3.0,2.0,4.0,1.0,3.0,2.0,1.0,4.0
200,10.0,12.0,11.0,0.0,0.20387463826707894,0.21560677490227467,2.0,g12t10,12.0,10.0,1.0,4.0,0.0,5.0,0.0,5.0,2.0,3.0,1.0,4.0,1.0,4.0,1.0,4.0,4.0,1.0,4.0,1.0,4.0,1.0,2.0,3.0,2.0,3.0,2.0,3.0,1.0,4.0,5.0,0.0,4.0,1.0,3.0,2.0,3.0,2.0,4.0,1.0,2.0,3.0,2.0,3.0,3.0,2.0,5.0,0.0,5.0,0.0,0.0,5.0,1.0,4.0,2.0,3.0,1.0,4.0,1.0,4.0,3.0,2.0,0.0,5.0,5.0,0.0,2.0,3.0,2.0,3.0,2.0,3.0,0.0,5.0,1.0,4.0,3.0,2.0,4.0,1.0,3.0,2.0,2.0,3.0
202,11.0,12.0,12.0,0.0,0.1964339300294473,-0.812015194624775,5.0,g12t11,12.0,11.0,1.0,4.0,1.0,4.0,0.0,5.0,0.0,5.0,0.0,5.0,0.0,5.0,5.0,0.0,1.0,4.0,4.0,1.0,4.0,1.0,3.0,2.0,2.0,3.0,3.0,2.0,5.0,0.0,5.0,0.0,4.0,1.0,3.0,2.0,2.0,3.0,4.0,1.0,4.0,1.0,4.0,1.0,0.0,5.0,4.0,1.0,5.0,0.0,0.0,5.0,0.0,5.0,1.0,4.0,3.0,2.0,1.0,4.0,0.0,5.0,3.0,2.0,3.0,2.0,4.0,1.0,4.0,1.0,4.0,1.0,5.0,0.0,5.0,0.0,3.0,2.0,5.0,0.0,2.0,3.0,1.0,4.0
204,12.0,12.0,8.0,0.0,0.15620255886970041,0.43771979064107486,4.0,g12t12,12.0,12.0,2.0,3.0,0.0,5.0,0.0,5.0,0.0,5.0,0.0,5.0,0.0,5.0,0.0,5.0,5.0,0.0,5.0,0.0,3.0,2.0,0.0,5.0,1.0,4.0,0.0,5.0,3.0,2.0,4.0,1.0,5.0,0.0,4.0,1.0,4.0,1.0,4.0,1.0,3.0,2.0,4.0,1.0,4.0,1.0,5.0,0.0,5.0,0.0,0.0,5.0,0.0,5.0,1.0,4.0,0.0,5.0,0.0,5.0,0.0,5.0,1.0,4.0,4.0,1.0,2.0,3.0,4.0,1.0,4.0,1.0,0.0,5.0,0.0,5.0,3.0,2.0,3.0,2.0,1.0,4.0,0.0,5.0
206,13.0,12.0,11.0,0.0,0.1733264493573924,-0.3913176723304951,1.0,g12t13,12.0,13.0,0.0,5.0,1.0,4.0,0.0,5.0,2.0,3.0,1.0,4.0,0.0,5.0,5.0,0.0,0.0,5.0,4.0,1.0,3.0,2.0,1.0,4.0,2.0,3.0,3.0,2.0,4.0,1.0,5.0,0.0,4.0,1.0,3.0,2.0,4.0,1.0,4.0,1.0,3.0,2.0,3.0,2.0,3.0,2.0,5.0,0.0,5.0,0.0,0.0,5.0,3.0,2.0,4.0,1.0,2.0,3.0,2.0,3.0,0.0,5.0,3.0,2.0,3.0,2.0,3.0,2.0,1.0,4.0,2.0,3.0,5.0,0.0,5.0,0.0,4.0,1.0,4.0,1.0,1.0,4.0,0.0,5.0
208,14.0,12.0,10.0,0.0,0.18863565972072607,-0.5335767828709468,2.0,g12t14,12.0,14.0,1.0,4.0,1.0,4.0,1.0,4.0,0.0,5.0,0.0,5.0,1.0,4.0,0.0,5.0,5.0,0.0,2.0,3.0,2.0,3.0,1.0,4.0,1.0,4.0,1.0,4.0,4.0,1.0,4.0,1.0,5.0,0.0,3.0,2.0,2.0,3.0,4.0,1.0,3.0,2.0,3.0,2.0,2.0,3.0,5.0,0.0,5.0,0.0,0.0,5.0,1.0,4.0,3.0,2.0,3.0,2.0,1.0,4.0,2.0,3.0,4.0,1.0,1.0,4.0,1.0,4.0,4.0,1.0,3.0,2.0,0.0,5.0,0.0,5.0,2.0,3.0,2.0,3.0,1.0,4.0,2.0,3.0
