,task,session,count,speaker,tama_mean,entrainment,best_lag,hitid,session,task,speaker,bored_with_game,difficult_for_partner_to_speak,contributes_to_successful_completion,engaged_in_game,gives_encouragement,making_self_clear,planning_what_to_say,dislikes_partner
0,10.0,1.0,5.0,0.0,0.0924259580548,0.462518966125,0.0,g1t10,1.0,10.0,0.0,0.0,1.0,5.0,5.0,5.0,5.0,3.0,0.0
1,10.0,1.0,5.0,0.0,0.0924259580548,0.462518966125,0.0,g1t10,1.0,10.0,1.0,0.0,2.0,3.0,5.0,2.0,3.0,0.0,1.0
2,10.0,1.0,6.0,1.0,0.0888636284743,0.462518966125,0.0,g1t10,1.0,10.0,0.0,0.0,1.0,5.0,5.0,5.0,5.0,3.0,0.0
3,10.0,1.0,6.0,1.0,0.0888636284743,0.462518966125,0.0,g1t10,1.0,10.0,1.0,0.0,2.0,3.0,5.0,2.0,3.0,0.0,1.0
4,12.0,1.0,7.0,0.0,0.0878475666112,-0.76068422994,2.0,g1t12,1.0,12.0,0.0,1.0,0.0,5.0,5.0,5.0,5.0,3.0,0.0
5,12.0,1.0,7.0,0.0,0.0878475666112,-0.76068422994,2.0,g1t12,1.0,12.0,1.0,0.0,3.0,4.0,5.0,4.0,2.0,4.0,1.0
6,12.0,1.0,7.0,1.0,0.0827639341609,0.264828366398,2.0,g1t12,1.0,12.0,0.0,1.0,0.0,5.0,5.0,5.0,5.0,3.0,0.0
7,12.0,1.0,7.0,1.0,0.0827639341609,0.264828366398,2.0,g1t12,1.0,12.0,1.0,0.0,3.0,4.0,5.0,4.0,2.0,4.0,1.0
8,13.0,1.0,6.0,0.0,0.0845868337972,0.724030449572,2.0,g1t13,1.0,13.0,0.0,2.0,1.0,4.0,4.0,5.0,4.0,3.0,1.0
9,13.0,1.0,6.0,0.0,0.0845868337972,0.724030449572,2.0,g1t13,1.0,13.0,1.0,0.0,4.0,3.0,5.0,4.0,3.0,1.0,0.0
10,13.0,1.0,6.0,1.0,0.0983142138682,-0.651908162358,1.0,g1t13,1.0,13.0,0.0,2.0,1.0,4.0,4.0,5.0,4.0,3.0,1.0
11,13.0,1.0,6.0,1.0,0.0983142138682,-0.651908162358,1.0,g1t13,1.0,13.0,1.0,0.0,4.0,3.0,5.0,4.0,3.0,1.0,0.0
12,3.0,2.0,6.0,0.0,0.0709421156046,-0.901713052432,0.0,g2t3,2.0,3.0,0.0,0.0,0.0,5.0,4.0,5.0,5.0,2.0,0.0
13,3.0,2.0,6.0,0.0,0.0709421156046,-0.901713052432,0.0,g2t3,2.0,3.0,1.0,0.0,1.0,4.0,5.0,3.0,4.0,1.0,3.0
14,3.0,2.0,6.0,1.0,0.0846264611824,-0.901713052432,0.0,g2t3,2.0,3.0,0.0,0.0,0.0,5.0,4.0,5.0,5.0,2.0,0.0
15,3.0,2.0,6.0,1.0,0.0846264611824,-0.901713052432,0.0,g2t3,2.0,3.0,1.0,0.0,1.0,4.0,5.0,3.0,4.0,1.0,3.0
16,4.0,2.0,23.0,0.0,0.0727945569596,-0.343328439502,6.0,g2t4,2.0,4.0,0.0,0.0,0.0,4.0,5.0,4.0,4.0,4.0,0.0
17,4.0,2.0,23.0,0.0,0.0727945569596,-0.343328439502,6.0,g2t4,2.0,4.0,1.0,2.0,1.0,4.0,3.0,4.0,4.0,3.0,1.0
18,4.0,2.0,19.0,1.0,0.0799544688256,0.301170333744,3.0,g2t4,2.0,4.0,0.0,0.0,0.0,4.0,5.0,4.0,4.0,4.0,0.0
19,4.0,2.0,19.0,1.0,0.0799544688256,0.301170333744,3.0,g2t4,2.0,4.0,1.0,2.0,1.0,4.0,3.0,4.0,4.0,3.0,1.0
20,7.0,2.0,8.0,0.0,0.0872985818182,-0.143259937782,2.0,g2t7,2.0,7.0,0.0,0.0,1.0,5.0,5.0,4.0,5.0,3.0,0.0
21,7.0,2.0,8.0,0.0,0.0872985818182,-0.143259937782,2.0,g2t7,2.0,7.0,1.0,1.0,0.0,5.0,5.0,5.0,5.0,5.0,0.0
22,7.0,2.0,8.0,1.0,0.0798595544716,0.55877115161,2.0,g2t7,2.0,7.0,0.0,0.0,1.0,5.0,5.0,4.0,5.0,3.0,0.0
23,7.0,2.0,8.0,1.0,0.0798595544716,0.55877115161,2.0,g2t7,2.0,7.0,1.0,1.0,0.0,5.0,5.0,5.0,5.0,5.0,0.0
24,8.0,2.0,57.0,0.0,0.0863359915229,-0.17360101047,0.0,g2t8,2.0,8.0,0.0,0.0,0.0,2.0,5.0,4.0,2.0,2.0,0.0
25,8.0,2.0,57.0,0.0,0.0863359915229,-0.17360101047,0.0,g2t8,2.0,8.0,1.0,2.0,1.0,5.0,5.0,3.0,4.0,4.0,1.0
26,8.0,2.0,52.0,1.0,0.0795835223878,-0.17360101047,0.0,g2t8,2.0,8.0,0.0,0.0,0.0,2.0,5.0,4.0,2.0,2.0,0.0
27,8.0,2.0,52.0,1.0,0.0795835223878,-0.17360101047,0.0,g2t8,2.0,8.0,1.0,2.0,1.0,5.0,5.0,3.0,4.0,4.0,1.0
28,10.0,2.0,28.0,0.0,0.0791519256971,0.309418604527,1.0,g2t10,2.0,10.0,0.0,1.0,0.0,5.0,5.0,5.0,3.0,1.0,0.0
29,10.0,2.0,28.0,0.0,0.0791519256971,0.309418604527,1.0,g2t10,2.0,10.0,1.0,2.0,1.0,3.0,3.0,2.0,1.0,3.0,2.0
30,10.0,2.0,28.0,1.0,0.0830630285792,0.202683152446,1.0,g2t10,2.0,10.0,0.0,1.0,0.0,5.0,5.0,5.0,3.0,1.0,0.0
31,10.0,2.0,28.0,1.0,0.0830630285792,0.202683152446,1.0,g2t10,2.0,10.0,1.0,2.0,1.0,3.0,3.0,2.0,1.0,3.0,2.0
32,11.0,2.0,9.0,0.0,0.074756891525,-0.713418365343,2.0,g2t11,2.0,11.0,0.0,0.0,0.0,5.0,5.0,3.0,5.0,5.0,0.0
33,11.0,2.0,9.0,0.0,0.074756891525,-0.713418365343,2.0,g2t11,2.0,11.0,1.0,4.0,0.0,3.0,1.0,3.0,4.0,1.0,1.0
34,11.0,2.0,6.0,1.0,0.0706700988051,-0.416069775633,0.0,g2t11,2.0,11.0,0.0,0.0,0.0,5.0,5.0,3.0,5.0,5.0,0.0
35,11.0,2.0,6.0,1.0,0.0706700988051,-0.416069775633,0.0,g2t11,2.0,11.0,1.0,4.0,0.0,3.0,1.0,3.0,4.0,1.0,1.0
36,12.0,2.0,7.0,0.0,0.073151059591,-0.396316673375,0.0,g2t12,2.0,12.0,0.0,1.0,1.0,5.0,5.0,5.0,5.0,5.0,1.0
37,12.0,2.0,7.0,0.0,0.073151059591,-0.396316673375,0.0,g2t12,2.0,12.0,1.0,2.0,0.0,5.0,3.0,5.0,2.0,2.0,0.0
38,12.0,2.0,11.0,1.0,0.0779980013401,-0.396316673375,0.0,g2t12,2.0,12.0,0.0,1.0,1.0,5.0,5.0,5.0,5.0,5.0,1.0
39,12.0,2.0,11.0,1.0,0.0779980013401,-0.396316673375,0.0,g2t12,2.0,12.0,1.0,2.0,0.0,5.0,3.0,5.0,2.0,2.0,0.0
40,13.0,2.0,15.0,0.0,0.0805894328418,0.174797894605,3.0,g2t13,2.0,13.0,0.0,0.0,1.0,4.0,4.0,4.0,5.0,3.0,1.0
41,13.0,2.0,15.0,0.0,0.0805894328418,0.174797894605,3.0,g2t13,2.0,13.0,1.0,3.0,0.0,1.0,3.0,1.0,4.0,0.0,4.0
42,13.0,2.0,7.0,1.0,0.0674237311347,-0.413346494219,3.0,g2t13,2.0,13.0,0.0,0.0,1.0,4.0,4.0,4.0,5.0,3.0,1.0
43,13.0,2.0,7.0,1.0,0.0674237311347,-0.413346494219,3.0,g2t13,2.0,13.0,1.0,3.0,0.0,1.0,3.0,1.0,4.0,0.0,4.0
44,14.0,2.0,9.0,0.0,0.0872887752676,-0.426125520373,0.0,g2t14,2.0,14.0,0.0,1.0,0.0,5.0,5.0,1.0,4.0,0.0,0.0
45,14.0,2.0,9.0,0.0,0.0872887752676,-0.426125520373,0.0,g2t14,2.0,14.0,1.0,4.0,0.0,5.0,2.0,2.0,5.0,4.0,2.0
46,14.0,2.0,9.0,1.0,0.0643981559443,-0.426125520373,0.0,g2t14,2.0,14.0,0.0,1.0,0.0,5.0,5.0,1.0,4.0,0.0,0.0
47,14.0,2.0,9.0,1.0,0.0643981559443,-0.426125520373,0.0,g2t14,2.0,14.0,1.0,4.0,0.0,5.0,2.0,2.0,5.0,4.0,2.0
48,1.0,3.0,16.0,0.0,0.0914241223122,0.409681759548,3.0,g3t1,3.0,1.0,0.0,0.0,2.0,4.0,5.0,3.0,3.0,4.0,0.0
49,1.0,3.0,16.0,0.0,0.0914241223122,0.409681759548,3.0,g3t1,3.0,1.0,1.0,1.0,0.0,5.0,5.0,4.0,5.0,5.0,0.0
50,1.0,3.0,15.0,1.0,0.118954195657,-0.553455165474,2.0,g3t1,3.0,1.0,0.0,0.0,2.0,4.0,5.0,3.0,3.0,4.0,0.0
51,1.0,3.0,15.0,1.0,0.118954195657,-0.553455165474,2.0,g3t1,3.0,1.0,1.0,1.0,0.0,5.0,5.0,4.0,5.0,5.0,0.0
52,4.0,3.0,11.0,0.0,0.0917544720377,0.544082202974,4.0,g3t4,3.0,4.0,0.0,0.0,4.0,5.0,5.0,4.0,3.0,3.0,0.0
53,4.0,3.0,11.0,0.0,0.0917544720377,0.544082202974,4.0,g3t4,3.0,4.0,1.0,1.0,1.0,5.0,5.0,5.0,5.0,2.0,1.0
54,4.0,3.0,10.0,1.0,0.0974580960332,-0.31545305414,1.0,g3t4,3.0,4.0,0.0,0.0,4.0,5.0,5.0,4.0,3.0,3.0,0.0
55,4.0,3.0,10.0,1.0,0.0974580960332,-0.31545305414,1.0,g3t4,3.0,4.0,1.0,1.0,1.0,5.0,5.0,5.0,5.0,2.0,1.0
56,8.0,3.0,7.0,0.0,0.100349433083,0.134607735789,1.0,g3t8,3.0,8.0,0.0,2.0,1.0,4.0,4.0,4.0,4.0,2.0,1.0
57,8.0,3.0,7.0,0.0,0.100349433083,0.134607735789,1.0,g3t8,3.0,8.0,1.0,2.0,1.0,5.0,4.0,2.0,4.0,3.0,1.0
58,8.0,3.0,12.0,1.0,0.105490917946,0.266358095062,4.0,g3t8,3.0,8.0,0.0,2.0,1.0,4.0,4.0,4.0,4.0,2.0,1.0
59,8.0,3.0,12.0,1.0,0.105490917946,0.266358095062,4.0,g3t8,3.0,8.0,1.0,2.0,1.0,5.0,4.0,2.0,4.0,3.0,1.0
60,10.0,3.0,12.0,0.0,0.0921214043462,0.37149894051,1.0,g3t10,3.0,10.0,0.0,0.0,0.0,5.0,5.0,3.0,5.0,3.0,0.0
61,10.0,3.0,12.0,0.0,0.0921214043462,0.37149894051,1.0,g3t10,3.0,10.0,1.0,0.0,1.0,5.0,5.0,3.0,4.0,2.0,1.0
62,10.0,3.0,20.0,1.0,0.0969183250737,-0.293549621414,1.0,g3t10,3.0,10.0,0.0,0.0,0.0,5.0,5.0,3.0,5.0,3.0,0.0
63,10.0,3.0,20.0,1.0,0.0969183250737,-0.293549621414,1.0,g3t10,3.0,10.0,1.0,0.0,1.0,5.0,5.0,3.0,4.0,2.0,1.0
64,12.0,3.0,10.0,0.0,0.100273557343,-0.658880400974,0.0,g3t12,3.0,12.0,0.0,1.0,0.0,5.0,4.0,3.0,4.0,3.0,0.0
65,12.0,3.0,10.0,0.0,0.100273557343,-0.658880400974,0.0,g3t12,3.0,12.0,1.0,0.0,1.0,5.0,5.0,3.0,5.0,4.0,1.0
66,12.0,3.0,16.0,1.0,0.0959757076571,-0.658880400974,0.0,g3t12,3.0,12.0,0.0,1.0,0.0,5.0,4.0,3.0,4.0,3.0,0.0
67,12.0,3.0,16.0,1.0,0.0959757076571,-0.658880400974,0.0,g3t12,3.0,12.0,1.0,0.0,1.0,5.0,5.0,3.0,5.0,4.0,1.0
68,13.0,3.0,13.0,0.0,0.0942189273565,-0.348938271382,3.0,g3t13,3.0,13.0,0.0,0.0,0.0,4.0,5.0,4.0,5.0,4.0,2.0
69,13.0,3.0,13.0,0.0,0.0942189273565,-0.348938271382,3.0,g3t13,3.0,13.0,1.0,2.0,0.0,4.0,4.0,3.0,5.0,4.0,1.0
70,13.0,3.0,11.0,1.0,0.116215720416,0.48083141434,3.0,g3t13,3.0,13.0,0.0,0.0,0.0,4.0,5.0,4.0,5.0,4.0,2.0
71,13.0,3.0,11.0,1.0,0.116215720416,0.48083141434,3.0,g3t13,3.0,13.0,1.0,2.0,0.0,4.0,4.0,3.0,5.0,4.0,1.0
72,3.0,4.0,10.0,0.0,0.0997275153452,0.203119379666,4.0,g4t3,4.0,3.0,0.0,0.0,0.0,5.0,5.0,5.0,5.0,5.0,1.0
73,3.0,4.0,10.0,0.0,0.0997275153452,0.203119379666,4.0,g4t3,4.0,3.0,1.0,0.0,0.0,5.0,5.0,5.0,5.0,4.0,0.0
74,3.0,4.0,7.0,1.0,0.0883530072471,-0.512139411777,2.0,g4t3,4.0,3.0,0.0,0.0,0.0,5.0,5.0,5.0,5.0,5.0,1.0
75,3.0,4.0,7.0,1.0,0.0883530072471,-0.512139411777,2.0,g4t3,4.0,3.0,1.0,0.0,0.0,5.0,5.0,5.0,5.0,4.0,0.0
76,4.0,4.0,9.0,0.0,0.104097255068,0.571019876374,1.0,g4t4,4.0,4.0,0.0,2.0,1.0,5.0,3.0,2.0,3.0,3.0,0.0
77,4.0,4.0,9.0,0.0,0.104097255068,0.571019876374,1.0,g4t4,4.0,4.0,1.0,0.0,0.0,5.0,5.0,3.0,5.0,3.0,0.0
78,4.0,4.0,7.0,1.0,0.0955889008616,0.372673100256,0.0,g4t4,4.0,4.0,0.0,2.0,1.0,5.0,3.0,2.0,3.0,3.0,0.0
79,4.0,4.0,7.0,1.0,0.0955889008616,0.372673100256,0.0,g4t4,4.0,4.0,1.0,0.0,0.0,5.0,5.0,3.0,5.0,3.0,0.0
80,5.0,4.0,6.0,0.0,0.100794605065,-0.464350740601,3.0,g4t5,4.0,5.0,0.0,0.0,0.0,4.0,4.0,3.0,4.0,1.0,0.0
81,5.0,4.0,6.0,0.0,0.100794605065,-0.464350740601,3.0,g4t5,4.0,5.0,1.0,0.0,4.0,5.0,5.0,3.0,4.0,0.0,0.0
82,5.0,4.0,10.0,1.0,0.0824728450694,0.64030069549,1.0,g4t5,4.0,5.0,0.0,0.0,0.0,4.0,4.0,3.0,4.0,1.0,0.0
83,5.0,4.0,10.0,1.0,0.0824728450694,0.64030069549,1.0,g4t5,4.0,5.0,1.0,0.0,4.0,5.0,5.0,3.0,4.0,0.0,0.0
84,7.0,4.0,10.0,0.0,0.132813406868,0.354237581463,2.0,g4t7,4.0,7.0,0.0,0.0,0.0,5.0,5.0,3.0,5.0,4.0,0.0
85,7.0,4.0,10.0,0.0,0.132813406868,0.354237581463,2.0,g4t7,4.0,7.0,1.0,0.0,0.0,5.0,5.0,3.0,5.0,3.0,0.0
86,7.0,4.0,14.0,1.0,0.0902050073254,0.611838851486,1.0,g4t7,4.0,7.0,0.0,0.0,0.0,5.0,5.0,3.0,5.0,4.0,0.0
87,7.0,4.0,14.0,1.0,0.0902050073254,0.611838851486,1.0,g4t7,4.0,7.0,1.0,0.0,0.0,5.0,5.0,3.0,5.0,3.0,0.0
88,8.0,4.0,18.0,0.0,0.11281600771,-0.199365497406,6.0,g4t8,4.0,8.0,0.0,0.0,0.0,3.0,3.0,1.0,3.0,3.0,2.0
89,8.0,4.0,18.0,0.0,0.11281600771,-0.199365497406,6.0,g4t8,4.0,8.0,1.0,1.0,4.0,5.0,4.0,4.0,3.0,2.0,1.0
90,8.0,4.0,24.0,1.0,0.0897469746145,0.605953235171,3.0,g4t8,4.0,8.0,0.0,0.0,0.0,3.0,3.0,1.0,3.0,3.0,2.0
91,8.0,4.0,24.0,1.0,0.0897469746145,0.605953235171,3.0,g4t8,4.0,8.0,1.0,1.0,4.0,5.0,4.0,4.0,3.0,2.0,1.0
92,9.0,4.0,9.0,0.0,0.0916043821772,-0.328607740154,4.0,g4t9,4.0,9.0,0.0,1.0,0.0,5.0,5.0,4.0,4.0,4.0,0.0
93,9.0,4.0,9.0,0.0,0.0916043821772,-0.328607740154,4.0,g4t9,4.0,9.0,1.0,1.0,0.0,5.0,5.0,4.0,5.0,0.0,0.0
94,9.0,4.0,8.0,1.0,0.100276064979,0.661404303053,3.0,g4t9,4.0,9.0,0.0,1.0,0.0,5.0,5.0,4.0,4.0,4.0,0.0
95,9.0,4.0,8.0,1.0,0.100276064979,0.661404303053,3.0,g4t9,4.0,9.0,1.0,1.0,0.0,5.0,5.0,4.0,5.0,0.0,0.0
96,10.0,4.0,24.0,0.0,0.0999296765466,-0.17868496756,5.0,g4t10,4.0,10.0,0.0,0.0,1.0,5.0,5.0,4.0,5.0,3.0,0.0
97,10.0,4.0,24.0,0.0,0.0999296765466,-0.17868496756,5.0,g4t10,4.0,10.0,1.0,2.0,0.0,5.0,2.0,4.0,5.0,3.0,1.0
98,10.0,4.0,27.0,1.0,0.0927850946143,-0.229102297272,5.0,g4t10,4.0,10.0,0.0,0.0,1.0,5.0,5.0,4.0,5.0,3.0,0.0
99,10.0,4.0,27.0,1.0,0.0927850946143,-0.229102297272,5.0,g4t10,4.0,10.0,1.0,2.0,0.0,5.0,2.0,4.0,5.0,3.0,1.0
100,11.0,4.0,12.0,0.0,0.091767284899,-0.67769674798,1.0,g4t11,4.0,11.0,0.0,0.0,1.0,4.0,5.0,4.0,4.0,2.0,1.0
101,11.0,4.0,12.0,0.0,0.091767284899,-0.67769674798,1.0,g4t11,4.0,11.0,1.0,0.0,1.0,5.0,5.0,3.0,3.0,2.0,2.0
102,11.0,4.0,8.0,1.0,0.116178990665,0.36237710567,2.0,g4t11,4.0,11.0,0.0,0.0,1.0,4.0,5.0,4.0,4.0,2.0,1.0
103,11.0,4.0,8.0,1.0,0.116178990665,0.36237710567,2.0,g4t11,4.0,11.0,1.0,0.0,1.0,5.0,5.0,3.0,3.0,2.0,2.0
104,12.0,4.0,9.0,0.0,0.0998809524636,0.421541958326,6.0,g4t12,4.0,12.0,0.0,2.0,1.0,3.0,3.0,4.0,4.0,2.0,1.0
105,12.0,4.0,9.0,0.0,0.0998809524636,0.421541958326,6.0,g4t12,4.0,12.0,1.0,1.0,2.0,5.0,3.0,4.0,5.0,4.0,0.0
106,12.0,4.0,22.0,1.0,0.0878281098867,-0.161511367634,4.0,g4t12,4.0,12.0,0.0,2.0,1.0,3.0,3.0,4.0,4.0,2.0,1.0
107,12.0,4.0,22.0,1.0,0.0878281098867,-0.161511367634,4.0,g4t12,4.0,12.0,1.0,1.0,2.0,5.0,3.0,4.0,5.0,4.0,0.0
108,13.0,4.0,16.0,0.0,0.102004091587,-0.368687555465,5.0,g4t13,4.0,13.0,0.0,0.0,1.0,5.0,5.0,3.0,5.0,4.0,1.0
109,13.0,4.0,16.0,0.0,0.102004091587,-0.368687555465,5.0,g4t13,4.0,13.0,1.0,0.0,0.0,5.0,5.0,3.0,5.0,3.0,0.0
110,13.0,4.0,15.0,1.0,0.11660471324,-0.292777642979,4.0,g4t13,4.0,13.0,0.0,0.0,1.0,5.0,5.0,3.0,5.0,4.0,1.0
111,13.0,4.0,15.0,1.0,0.11660471324,-0.292777642979,4.0,g4t13,4.0,13.0,1.0,0.0,0.0,5.0,5.0,3.0,5.0,3.0,0.0
112,3.0,5.0,9.0,0.0,0.081198154873,0.702392749762,0.0,g5t3,5.0,3.0,0.0,2.0,0.0,3.0,5.0,3.0,2.0,1.0,0.0
113,3.0,5.0,9.0,0.0,0.081198154873,0.702392749762,0.0,g5t3,5.0,3.0,1.0,0.0,0.0,5.0,5.0,3.0,4.0,4.0,1.0
114,3.0,5.0,7.0,1.0,0.0990361151073,0.702392749762,0.0,g5t3,5.0,3.0,0.0,2.0,0.0,3.0,5.0,3.0,2.0,1.0,0.0
115,3.0,5.0,7.0,1.0,0.0990361151073,0.702392749762,0.0,g5t3,5.0,3.0,1.0,0.0,0.0,5.0,5.0,3.0,4.0,4.0,1.0
116,4.0,5.0,9.0,0.0,0.0875170997342,0.587957860131,1.0,g5t4,5.0,4.0,0.0,1.0,1.0,5.0,5.0,5.0,5.0,4.0,2.0
117,4.0,5.0,9.0,0.0,0.0875170997342,0.587957860131,1.0,g5t4,5.0,4.0,1.0,2.0,0.0,4.0,3.0,3.0,3.0,2.0,0.0
118,4.0,5.0,8.0,1.0,0.0970429511755,-0.539790853693,3.0,g5t4,5.0,4.0,0.0,1.0,1.0,5.0,5.0,5.0,5.0,4.0,2.0
119,4.0,5.0,8.0,1.0,0.0970429511755,-0.539790853693,3.0,g5t4,5.0,4.0,1.0,2.0,0.0,4.0,3.0,3.0,3.0,2.0,0.0
120,9.0,5.0,16.0,0.0,0.0691204835616,0.540585278073,5.0,g5t9,5.0,9.0,0.0,1.0,2.0,3.0,4.0,2.0,2.0,1.0,1.0
121,9.0,5.0,16.0,0.0,0.0691204835616,0.540585278073,5.0,g5t9,5.0,9.0,1.0,1.0,0.0,5.0,4.0,2.0,4.0,2.0,1.0
122,9.0,5.0,12.0,1.0,0.0951789884902,-0.149587300311,0.0,g5t9,5.0,9.0,0.0,1.0,2.0,3.0,4.0,2.0,2.0,1.0,1.0
123,9.0,5.0,12.0,1.0,0.0951789884902,-0.149587300311,0.0,g5t9,5.0,9.0,1.0,1.0,0.0,5.0,4.0,2.0,4.0,2.0,1.0
124,11.0,5.0,8.0,0.0,0.0764828110402,-0.489263934798,0.0,g5t11,5.0,11.0,0.0,0.0,1.0,5.0,5.0,5.0,4.0,4.0,0.0
125,11.0,5.0,8.0,0.0,0.0764828110402,-0.489263934798,0.0,g5t11,5.0,11.0,1.0,1.0,1.0,5.0,5.0,4.0,4.0,1.0,1.0
126,11.0,5.0,7.0,1.0,0.106428737061,-0.489263934798,0.0,g5t11,5.0,11.0,0.0,0.0,1.0,5.0,5.0,5.0,4.0,4.0,0.0
127,11.0,5.0,7.0,1.0,0.106428737061,-0.489263934798,0.0,g5t11,5.0,11.0,1.0,1.0,1.0,5.0,5.0,4.0,4.0,1.0,1.0
128,13.0,5.0,14.0,0.0,0.0826655952358,-0.305510065694,0.0,g5t13,5.0,13.0,0.0,2.0,2.0,4.0,5.0,2.0,4.0,4.0,0.0
129,13.0,5.0,14.0,0.0,0.0826655952358,-0.305510065694,0.0,g5t13,5.0,13.0,1.0,1.0,0.0,4.0,3.0,3.0,3.0,2.0,0.0
130,13.0,5.0,10.0,1.0,0.095620740546,-0.305510065694,0.0,g5t13,5.0,13.0,0.0,2.0,2.0,4.0,5.0,2.0,4.0,4.0,0.0
131,13.0,5.0,10.0,1.0,0.095620740546,-0.305510065694,0.0,g5t13,5.0,13.0,1.0,1.0,0.0,4.0,3.0,3.0,3.0,2.0,0.0
132,14.0,5.0,6.0,0.0,0.0964038191254,-0.373254707978,5.0,g5t14,5.0,14.0,0.0,3.0,0.0,0.0,1.0,2.0,3.0,2.0,0.0
133,14.0,5.0,6.0,0.0,0.0964038191254,-0.373254707978,5.0,g5t14,5.0,14.0,1.0,1.0,1.0,5.0,4.0,3.0,5.0,4.0,0.0
134,14.0,5.0,12.0,1.0,0.0899544348879,0.471716081245,3.0,g5t14,5.0,14.0,0.0,3.0,0.0,0.0,1.0,2.0,3.0,2.0,0.0
135,14.0,5.0,12.0,1.0,0.0899544348879,0.471716081245,3.0,g5t14,5.0,14.0,1.0,1.0,1.0,5.0,4.0,3.0,5.0,4.0,0.0
136,3.0,6.0,8.0,0.0,0.096610983682,0.64516370998,1.0,g6t3,6.0,3.0,0.0,0.0,0.0,5.0,5.0,3.0,5.0,4.0,0.0
137,3.0,6.0,8.0,0.0,0.096610983682,0.64516370998,1.0,g6t3,6.0,3.0,1.0,4.0,0.0,1.0,2.0,1.0,1.0,1.0,1.0
138,3.0,6.0,5.0,1.0,0.062726733392,-0.142147866114,0.0,g6t3,6.0,3.0,0.0,0.0,0.0,5.0,5.0,3.0,5.0,4.0,0.0
139,3.0,6.0,5.0,1.0,0.062726733392,-0.142147866114,0.0,g6t3,6.0,3.0,1.0,4.0,0.0,1.0,2.0,1.0,1.0,1.0,1.0
140,4.0,6.0,12.0,0.0,0.0918120943424,-0.246301607566,1.0,g6t4,6.0,4.0,0.0,1.0,0.0,2.0,4.0,4.0,3.0,1.0,1.0
141,4.0,6.0,12.0,0.0,0.0918120943424,-0.246301607566,1.0,g6t4,6.0,4.0,1.0,5.0,0.0,3.0,0.0,2.0,5.0,3.0,4.0
142,4.0,6.0,5.0,1.0,0.0996311003872,0.475157964708,1.0,g6t4,6.0,4.0,0.0,1.0,0.0,2.0,4.0,4.0,3.0,1.0,1.0
143,4.0,6.0,5.0,1.0,0.0996311003872,0.475157964708,1.0,g6t4,6.0,4.0,1.0,5.0,0.0,3.0,0.0,2.0,5.0,3.0,4.0
144,5.0,6.0,6.0,0.0,0.118037301135,-0.216443548368,2.0,g6t5,6.0,5.0,0.0,1.0,0.0,5.0,5.0,5.0,5.0,2.0,0.0
145,5.0,6.0,6.0,0.0,0.118037301135,-0.216443548368,2.0,g6t5,6.0,5.0,1.0,1.0,0.0,3.0,4.0,3.0,3.0,3.0,1.0
146,5.0,6.0,15.0,1.0,0.0702524342494,-0.611065103482,4.0,g6t5,6.0,5.0,0.0,1.0,0.0,5.0,5.0,5.0,5.0,2.0,0.0
147,5.0,6.0,15.0,1.0,0.0702524342494,-0.611065103482,4.0,g6t5,6.0,5.0,1.0,1.0,0.0,3.0,4.0,3.0,3.0,3.0,1.0
148,6.0,6.0,12.0,0.0,0.0964654292856,-0.292174811971,5.0,g6t6,6.0,6.0,0.0,1.0,1.0,5.0,4.0,4.0,5.0,4.0,1.0
149,6.0,6.0,12.0,0.0,0.0964654292856,-0.292174811971,5.0,g6t6,6.0,6.0,1.0,1.0,1.0,3.0,4.0,3.0,1.0,2.0,0.0
150,6.0,6.0,17.0,1.0,0.0673175169197,-0.258216147284,0.0,g6t6,6.0,6.0,0.0,1.0,1.0,5.0,4.0,4.0,5.0,4.0,1.0
151,6.0,6.0,17.0,1.0,0.0673175169197,-0.258216147284,0.0,g6t6,6.0,6.0,1.0,1.0,1.0,3.0,4.0,3.0,1.0,2.0,0.0
152,7.0,6.0,8.0,0.0,0.0915994114765,-0.584564712267,1.0,g6t7,6.0,7.0,0.0,1.0,0.0,5.0,4.0,5.0,4.0,3.0,0.0
153,7.0,6.0,8.0,0.0,0.0915994114765,-0.584564712267,1.0,g6t7,6.0,7.0,1.0,2.0,1.0,4.0,5.0,4.0,4.0,3.0,0.0
154,7.0,6.0,9.0,1.0,0.0747844047567,-0.418128991182,0.0,g6t7,6.0,7.0,0.0,1.0,0.0,5.0,4.0,5.0,4.0,3.0,0.0
155,7.0,6.0,9.0,1.0,0.0747844047567,-0.418128991182,0.0,g6t7,6.0,7.0,1.0,2.0,1.0,4.0,5.0,4.0,4.0,3.0,0.0
156,8.0,6.0,14.0,0.0,0.0974520402986,-0.41710765111,6.0,g6t8,6.0,8.0,0.0,0.0,0.0,5.0,5.0,4.0,5.0,3.0,1.0
157,8.0,6.0,14.0,0.0,0.0974520402986,-0.41710765111,6.0,g6t8,6.0,8.0,1.0,2.0,0.0,2.0,3.0,2.0,1.0,1.0,1.0
158,8.0,6.0,23.0,1.0,0.0802746914134,-0.426570871311,1.0,g6t8,6.0,8.0,0.0,0.0,0.0,5.0,5.0,4.0,5.0,3.0,1.0
159,8.0,6.0,23.0,1.0,0.0802746914134,-0.426570871311,1.0,g6t8,6.0,8.0,1.0,2.0,0.0,2.0,3.0,2.0,1.0,1.0,1.0
160,9.0,6.0,10.0,0.0,0.0809300410993,0.452152604226,0.0,g6t9,6.0,9.0,0.0,1.0,0.0,4.0,5.0,3.0,4.0,4.0,1.0
161,9.0,6.0,10.0,0.0,0.0809300410993,0.452152604226,0.0,g6t9,6.0,9.0,1.0,4.0,0.0,3.0,2.0,1.0,3.0,0.0,2.0
162,9.0,6.0,6.0,1.0,0.109696283387,0.452152604226,0.0,g6t9,6.0,9.0,0.0,1.0,0.0,4.0,5.0,3.0,4.0,4.0,1.0
163,9.0,6.0,6.0,1.0,0.109696283387,0.452152604226,0.0,g6t9,6.0,9.0,1.0,4.0,0.0,3.0,2.0,1.0,3.0,0.0,2.0
164,10.0,6.0,9.0,0.0,0.0859137521603,0.2316553632,1.0,g6t10,6.0,10.0,0.0,0.0,1.0,5.0,5.0,4.0,5.0,4.0,0.0
165,10.0,6.0,9.0,0.0,0.0859137521603,0.2316553632,1.0,g6t10,6.0,10.0,1.0,0.0,0.0,4.0,5.0,4.0,4.0,2.0,0.0
166,10.0,6.0,15.0,1.0,0.0839002418846,-0.529251552745,3.0,g6t10,6.0,10.0,0.0,0.0,1.0,5.0,5.0,4.0,5.0,4.0,0.0
167,10.0,6.0,15.0,1.0,0.0839002418846,-0.529251552745,3.0,g6t10,6.0,10.0,1.0,0.0,0.0,4.0,5.0,4.0,4.0,2.0,0.0
168,12.0,6.0,10.0,0.0,0.100426341257,0.438768106006,6.0,g6t12,6.0,12.0,0.0,2.0,1.0,4.0,3.0,5.0,5.0,2.0,1.0
169,12.0,6.0,10.0,0.0,0.100426341257,0.438768106006,6.0,g6t12,6.0,12.0,1.0,0.0,1.0,5.0,5.0,5.0,5.0,4.0,0.0
170,12.0,6.0,16.0,1.0,0.0811051161088,0.173045782166,4.0,g6t12,6.0,12.0,0.0,2.0,1.0,4.0,3.0,5.0,5.0,2.0,1.0
171,12.0,6.0,16.0,1.0,0.0811051161088,0.173045782166,4.0,g6t12,6.0,12.0,1.0,0.0,1.0,5.0,5.0,5.0,5.0,4.0,0.0
172,3.0,7.0,8.0,0.0,0.0765824317099,0.756963064331,1.0,g7t3,7.0,3.0,0.0,1.0,1.0,4.0,4.0,3.0,4.0,1.0,1.0
173,3.0,7.0,8.0,0.0,0.0765824317099,0.756963064331,1.0,g7t3,7.0,3.0,1.0,2.0,0.0,5.0,4.0,3.0,5.0,4.0,1.0
174,3.0,7.0,7.0,1.0,0.0786787624629,-0.635963385059,2.0,g7t3,7.0,3.0,0.0,1.0,1.0,4.0,4.0,3.0,4.0,1.0,1.0
175,3.0,7.0,7.0,1.0,0.0786787624629,-0.635963385059,2.0,g7t3,7.0,3.0,1.0,2.0,0.0,5.0,4.0,3.0,5.0,4.0,1.0
176,4.0,7.0,10.0,0.0,0.0846992603768,0.352635649683,3.0,g7t4,7.0,4.0,0.0,0.0,1.0,4.0,5.0,4.0,3.0,4.0,0.0
177,4.0,7.0,10.0,0.0,0.0846992603768,0.352635649683,3.0,g7t4,7.0,4.0,1.0,0.0,0.0,5.0,5.0,2.0,5.0,3.0,1.0
178,4.0,7.0,10.0,1.0,0.086015475351,-0.458721808082,2.0,g7t4,7.0,4.0,0.0,0.0,1.0,4.0,5.0,4.0,3.0,4.0,0.0
179,4.0,7.0,10.0,1.0,0.086015475351,-0.458721808082,2.0,g7t4,7.0,4.0,1.0,0.0,0.0,5.0,5.0,2.0,5.0,3.0,1.0
180,5.0,7.0,18.0,0.0,0.0875662483929,-0.458782336731,0.0,g7t5,7.0,5.0,0.0,0.0,2.0,2.0,4.0,1.0,1.0,0.0,0.0
181,5.0,7.0,18.0,0.0,0.0875662483929,-0.458782336731,0.0,g7t5,7.0,5.0,1.0,0.0,3.0,3.0,4.0,2.0,2.0,3.0,3.0
182,5.0,7.0,18.0,1.0,0.0764187772244,-0.458782336731,0.0,g7t5,7.0,5.0,0.0,0.0,2.0,2.0,4.0,1.0,1.0,0.0,0.0
183,5.0,7.0,18.0,1.0,0.0764187772244,-0.458782336731,0.0,g7t5,7.0,5.0,1.0,0.0,3.0,3.0,4.0,2.0,2.0,3.0,3.0
184,6.0,7.0,5.0,0.0,0.0867848381099,-0.347532412642,0.0,g7t6,7.0,6.0,0.0,0.0,1.0,5.0,5.0,5.0,5.0,2.0,0.0
185,6.0,7.0,5.0,0.0,0.0867848381099,-0.347532412642,0.0,g7t6,7.0,6.0,1.0,0.0,1.0,5.0,5.0,4.0,5.0,4.0,0.0
186,6.0,7.0,6.0,1.0,0.0667444438723,0.429804033804,1.0,g7t6,7.0,6.0,0.0,0.0,1.0,5.0,5.0,5.0,5.0,2.0,0.0
187,6.0,7.0,6.0,1.0,0.0667444438723,0.429804033804,1.0,g7t6,7.0,6.0,1.0,0.0,1.0,5.0,5.0,4.0,5.0,4.0,0.0
188,8.0,7.0,7.0,0.0,0.0741435611954,-0.708242329819,1.0,g7t8,7.0,8.0,0.0,1.0,1.0,5.0,5.0,5.0,3.0,3.0,0.0
189,8.0,7.0,7.0,0.0,0.0741435611954,-0.708242329819,1.0,g7t8,7.0,8.0,1.0,1.0,0.0,5.0,5.0,5.0,4.0,4.0,1.0
190,8.0,7.0,7.0,1.0,0.0751375866982,-0.631003796664,0.0,g7t8,7.0,8.0,0.0,1.0,1.0,5.0,5.0,5.0,3.0,3.0,0.0
191,8.0,7.0,7.0,1.0,0.0751375866982,-0.631003796664,0.0,g7t8,7.0,8.0,1.0,1.0,0.0,5.0,5.0,5.0,4.0,4.0,1.0
192,9.0,7.0,13.0,0.0,0.0878597874235,-0.445670018995,0.0,g7t9,7.0,9.0,0.0,0.0,2.0,2.0,4.0,4.0,0.0,0.0,0.0
193,9.0,7.0,13.0,0.0,0.0878597874235,-0.445670018995,0.0,g7t9,7.0,9.0,1.0,2.0,1.0,4.0,4.0,4.0,4.0,2.0,1.0
194,9.0,7.0,12.0,1.0,0.086979099614,-0.561817870756,3.0,g7t9,7.0,9.0,0.0,0.0,2.0,2.0,4.0,4.0,0.0,0.0,0.0
195,9.0,7.0,12.0,1.0,0.086979099614,-0.561817870756,3.0,g7t9,7.0,9.0,1.0,2.0,1.0,4.0,4.0,4.0,4.0,2.0,1.0
196,10.0,7.0,8.0,0.0,0.0933269676205,-0.698283299223,1.0,g7t10,7.0,10.0,0.0,0.0,2.0,5.0,5.0,5.0,4.0,3.0,0.0
197,10.0,7.0,8.0,0.0,0.0933269676205,-0.698283299223,1.0,g7t10,7.0,10.0,1.0,0.0,0.0,5.0,5.0,4.0,4.0,3.0,1.0
198,10.0,7.0,8.0,1.0,0.0850978099048,0.437954094092,2.0,g7t10,7.0,10.0,0.0,0.0,2.0,5.0,5.0,5.0,4.0,3.0,0.0
199,10.0,7.0,8.0,1.0,0.0850978099048,0.437954094092,2.0,g7t10,7.0,10.0,1.0,0.0,0.0,5.0,5.0,4.0,4.0,3.0,1.0
200,11.0,7.0,7.0,0.0,0.0772899008854,-0.230430649074,1.0,g7t11,7.0,11.0,0.0,0.0,1.0,5.0,5.0,3.0,4.0,3.0,0.0
201,11.0,7.0,7.0,0.0,0.0772899008854,-0.230430649074,1.0,g7t11,7.0,11.0,1.0,0.0,0.0,5.0,5.0,3.0,5.0,4.0,0.0
202,11.0,7.0,5.0,1.0,0.0798282632876,-0.509964798222,1.0,g7t11,7.0,11.0,0.0,0.0,1.0,5.0,5.0,3.0,4.0,3.0,0.0
203,11.0,7.0,5.0,1.0,0.0798282632876,-0.509964798222,1.0,g7t11,7.0,11.0,1.0,0.0,0.0,5.0,5.0,3.0,5.0,4.0,0.0
204,12.0,7.0,9.0,0.0,0.0849325247809,0.443461625905,0.0,g7t12,7.0,12.0,0.0,0.0,1.0,5.0,5.0,5.0,5.0,2.0,0.0
205,12.0,7.0,9.0,0.0,0.0849325247809,0.443461625905,0.0,g7t12,7.0,12.0,1.0,1.0,2.0,5.0,5.0,4.0,5.0,3.0,0.0
206,12.0,7.0,9.0,1.0,0.0765932190911,0.443461625905,0.0,g7t12,7.0,12.0,0.0,0.0,1.0,5.0,5.0,5.0,5.0,2.0,0.0
207,12.0,7.0,9.0,1.0,0.0765932190911,0.443461625905,0.0,g7t12,7.0,12.0,1.0,1.0,2.0,5.0,5.0,4.0,5.0,3.0,0.0
208,14.0,7.0,6.0,0.0,0.0858349191895,-0.424103973102,2.0,g7t14,7.0,14.0,0.0,0.0,1.0,5.0,5.0,5.0,5.0,3.0,0.0
209,14.0,7.0,6.0,0.0,0.0858349191895,-0.424103973102,2.0,g7t14,7.0,14.0,1.0,0.0,1.0,4.0,5.0,5.0,5.0,4.0,0.0
210,14.0,7.0,6.0,1.0,0.0693462080799,0.346250636607,2.0,g7t14,7.0,14.0,0.0,0.0,1.0,5.0,5.0,5.0,5.0,3.0,0.0
211,14.0,7.0,6.0,1.0,0.0693462080799,0.346250636607,2.0,g7t14,7.0,14.0,1.0,0.0,1.0,4.0,5.0,5.0,5.0,4.0,0.0
212,3.0,8.0,6.0,0.0,0.086852190086,0.816368852453,0.0,g8t3,8.0,3.0,0.0,0.0,2.0,5.0,5.0,4.0,3.0,4.0,1.0
213,3.0,8.0,6.0,0.0,0.086852190086,0.816368852453,0.0,g8t3,8.0,3.0,1.0,0.0,0.0,5.0,4.0,3.0,5.0,3.0,0.0
214,3.0,8.0,5.0,1.0,0.0839794867711,0.816368852453,0.0,g8t3,8.0,3.0,0.0,0.0,2.0,5.0,5.0,4.0,3.0,4.0,1.0
215,3.0,8.0,5.0,1.0,0.0839794867711,0.816368852453,0.0,g8t3,8.0,3.0,1.0,0.0,0.0,5.0,4.0,3.0,5.0,3.0,0.0
216,5.0,8.0,9.0,0.0,0.111642448916,-0.587508164578,4.0,g8t5,8.0,5.0,0.0,1.0,2.0,2.0,3.0,4.0,3.0,2.0,0.0
217,5.0,8.0,9.0,0.0,0.111642448916,-0.587508164578,4.0,g8t5,8.0,5.0,1.0,0.0,0.0,5.0,5.0,4.0,5.0,4.0,0.0
218,5.0,8.0,11.0,1.0,0.0794364686127,0.282875492106,4.0,g8t5,8.0,5.0,0.0,1.0,2.0,2.0,3.0,4.0,3.0,2.0,0.0
219,5.0,8.0,11.0,1.0,0.0794364686127,0.282875492106,4.0,g8t5,8.0,5.0,1.0,0.0,0.0,5.0,5.0,4.0,5.0,4.0,0.0
220,6.0,8.0,7.0,0.0,0.0828404264986,0.356015413102,3.0,g8t6,8.0,6.0,0.0,2.0,0.0,4.0,4.0,4.0,4.0,4.0,0.0
221,6.0,8.0,7.0,0.0,0.0828404264986,0.356015413102,3.0,g8t6,8.0,6.0,1.0,1.0,3.0,4.0,5.0,2.0,3.0,2.0,0.0
222,6.0,8.0,7.0,1.0,0.0901012206276,0.379871815586,2.0,g8t6,8.0,6.0,0.0,2.0,0.0,4.0,4.0,4.0,4.0,4.0,0.0
223,6.0,8.0,7.0,1.0,0.0901012206276,0.379871815586,2.0,g8t6,8.0,6.0,1.0,1.0,3.0,4.0,5.0,2.0,3.0,2.0,0.0
224,7.0,8.0,10.0,0.0,0.0933427596506,0.52951804922,5.0,g8t7,8.0,7.0,0.0,0.0,1.0,3.0,5.0,5.0,3.0,2.0,0.0
225,7.0,8.0,10.0,0.0,0.0933427596506,0.52951804922,5.0,g8t7,8.0,7.0,1.0,0.0,0.0,5.0,5.0,5.0,4.0,3.0,0.0
226,7.0,8.0,10.0,1.0,0.0834002681142,-0.355578755503,2.0,g8t7,8.0,7.0,0.0,0.0,1.0,3.0,5.0,5.0,3.0,2.0,0.0
227,7.0,8.0,10.0,1.0,0.0834002681142,-0.355578755503,2.0,g8t7,8.0,7.0,1.0,0.0,0.0,5.0,5.0,5.0,4.0,3.0,0.0
228,8.0,8.0,6.0,0.0,0.109193453572,-0.725168201998,0.0,g8t8,8.0,8.0,0.0,1.0,1.0,2.0,4.0,4.0,4.0,2.0,1.0
229,8.0,8.0,6.0,0.0,0.109193453572,-0.725168201998,0.0,g8t8,8.0,8.0,1.0,0.0,2.0,4.0,5.0,3.0,4.0,3.0,0.0
230,8.0,8.0,6.0,1.0,0.0758987132448,-0.725168201998,0.0,g8t8,8.0,8.0,0.0,1.0,1.0,2.0,4.0,4.0,4.0,2.0,1.0
231,8.0,8.0,6.0,1.0,0.0758987132448,-0.725168201998,0.0,g8t8,8.0,8.0,1.0,0.0,2.0,4.0,5.0,3.0,4.0,3.0,0.0
232,10.0,8.0,7.0,0.0,0.113965352013,-0.195226443471,2.0,g8t10,8.0,10.0,0.0,0.0,0.0,4.0,4.0,4.0,5.0,2.0,0.0
233,10.0,8.0,7.0,0.0,0.113965352013,-0.195226443471,2.0,g8t10,8.0,10.0,1.0,0.0,1.0,5.0,5.0,5.0,5.0,3.0,0.0
234,10.0,8.0,9.0,1.0,0.0932114562693,-0.760993765808,4.0,g8t10,8.0,10.0,0.0,0.0,0.0,4.0,4.0,4.0,5.0,2.0,0.0
235,10.0,8.0,9.0,1.0,0.0932114562693,-0.760993765808,4.0,g8t10,8.0,10.0,1.0,0.0,1.0,5.0,5.0,5.0,5.0,3.0,0.0
236,12.0,8.0,5.0,0.0,0.0910437193797,-0.312741700199,0.0,g8t12,8.0,12.0,0.0,0.0,1.0,5.0,5.0,5.0,5.0,3.0,0.0
237,12.0,8.0,5.0,0.0,0.0910437193797,-0.312741700199,0.0,g8t12,8.0,12.0,1.0,0.0,1.0,5.0,5.0,5.0,4.0,2.0,1.0
238,12.0,8.0,7.0,1.0,0.0849742607959,-0.337289170421,1.0,g8t12,8.0,12.0,0.0,0.0,1.0,5.0,5.0,5.0,5.0,3.0,0.0
239,12.0,8.0,7.0,1.0,0.0849742607959,-0.337289170421,1.0,g8t12,8.0,12.0,1.0,0.0,1.0,5.0,5.0,5.0,4.0,2.0,1.0
240,13.0,8.0,9.0,0.0,0.0993369532359,-0.465432535057,0.0,g8t13,8.0,13.0,0.0,0.0,1.0,5.0,4.0,2.0,3.0,2.0,1.0
241,13.0,8.0,9.0,0.0,0.0993369532359,-0.465432535057,0.0,g8t13,8.0,13.0,1.0,0.0,1.0,4.0,4.0,4.0,4.0,2.0,0.0
242,13.0,8.0,10.0,1.0,0.092892408005,-0.594108558912,1.0,g8t13,8.0,13.0,0.0,0.0,1.0,5.0,4.0,2.0,3.0,2.0,1.0
243,13.0,8.0,10.0,1.0,0.092892408005,-0.594108558912,1.0,g8t13,8.0,13.0,1.0,0.0,1.0,4.0,4.0,4.0,4.0,2.0,0.0
244,14.0,8.0,17.0,0.0,0.0965263670355,-0.65528443272,0.0,g8t14,8.0,14.0,0.0,0.0,3.0,5.0,4.0,5.0,5.0,3.0,0.0
245,14.0,8.0,17.0,0.0,0.0965263670355,-0.65528443272,0.0,g8t14,8.0,14.0,1.0,0.0,0.0,5.0,5.0,4.0,4.0,3.0,0.0
246,14.0,8.0,18.0,1.0,0.0863723209069,-0.65528443272,0.0,g8t14,8.0,14.0,0.0,0.0,3.0,5.0,4.0,5.0,5.0,3.0,0.0
247,14.0,8.0,18.0,1.0,0.0863723209069,-0.65528443272,0.0,g8t14,8.0,14.0,1.0,0.0,0.0,5.0,5.0,4.0,4.0,3.0,0.0
248,1.0,9.0,6.0,0.0,0.0852837332857,0.186051177822,1.0,g9t1,9.0,1.0,0.0,0.0,0.0,5.0,5.0,3.0,5.0,5.0,1.0
249,1.0,9.0,6.0,0.0,0.0852837332857,0.186051177822,1.0,g9t1,9.0,1.0,1.0,2.0,1.0,1.0,4.0,1.0,2.0,1.0,2.0
250,1.0,9.0,6.0,1.0,0.0953704895178,-0.360349565674,2.0,g9t1,9.0,1.0,0.0,0.0,0.0,5.0,5.0,3.0,5.0,5.0,1.0
251,1.0,9.0,6.0,1.0,0.0953704895178,-0.360349565674,2.0,g9t1,9.0,1.0,1.0,2.0,1.0,1.0,4.0,1.0,2.0,1.0,2.0
252,2.0,9.0,5.0,0.0,0.0840828331898,-0.733189911022,0.0,g9t2,9.0,2.0,0.0,0.0,0.0,5.0,5.0,4.0,5.0,3.0,0.0
253,2.0,9.0,5.0,0.0,0.0840828331898,-0.733189911022,0.0,g9t2,9.0,2.0,1.0,2.0,0.0,2.0,4.0,3.0,3.0,1.0,0.0
254,2.0,9.0,5.0,1.0,0.105177249421,-0.733189911022,0.0,g9t2,9.0,2.0,0.0,0.0,0.0,5.0,5.0,4.0,5.0,3.0,0.0
255,2.0,9.0,5.0,1.0,0.105177249421,-0.733189911022,0.0,g9t2,9.0,2.0,1.0,2.0,0.0,2.0,4.0,3.0,3.0,1.0,0.0
256,4.0,9.0,7.0,0.0,0.0847961702013,0.331037819853,3.0,g9t4,9.0,4.0,0.0,1.0,1.0,4.0,5.0,5.0,3.0,1.0,2.0
257,4.0,9.0,7.0,0.0,0.0847961702013,0.331037819853,3.0,g9t4,9.0,4.0,1.0,1.0,0.0,5.0,5.0,3.0,4.0,1.0,1.0
258,4.0,9.0,7.0,1.0,0.0819069234212,-0.331957000992,3.0,g9t4,9.0,4.0,0.0,1.0,1.0,4.0,5.0,5.0,3.0,1.0,2.0
259,4.0,9.0,7.0,1.0,0.0819069234212,-0.331957000992,3.0,g9t4,9.0,4.0,1.0,1.0,0.0,5.0,5.0,3.0,4.0,1.0,1.0
260,5.0,9.0,5.0,0.0,0.0877823409677,-0.775834542115,1.0,g9t5,9.0,5.0,0.0,1.0,0.0,4.0,4.0,3.0,5.0,3.0,1.0
261,5.0,9.0,5.0,0.0,0.0877823409677,-0.775834542115,1.0,g9t5,9.0,5.0,1.0,0.0,0.0,5.0,5.0,5.0,4.0,3.0,1.0
262,5.0,9.0,5.0,1.0,0.0848962230544,-0.520051779028,0.0,g9t5,9.0,5.0,0.0,1.0,0.0,4.0,4.0,3.0,5.0,3.0,1.0
263,5.0,9.0,5.0,1.0,0.0848962230544,-0.520051779028,0.0,g9t5,9.0,5.0,1.0,0.0,0.0,5.0,5.0,5.0,4.0,3.0,1.0
264,6.0,9.0,5.0,0.0,0.10178502856,-0.774261010888,0.0,g9t6,9.0,6.0,0.0,2.0,2.0,4.0,4.0,4.0,3.0,1.0,1.0
265,6.0,9.0,5.0,0.0,0.10178502856,-0.774261010888,0.0,g9t6,9.0,6.0,1.0,1.0,2.0,5.0,4.0,4.0,3.0,2.0,1.0
266,6.0,9.0,5.0,1.0,0.0774848694057,-0.774261010888,0.0,g9t6,9.0,6.0,0.0,2.0,2.0,4.0,4.0,4.0,3.0,1.0,1.0
267,6.0,9.0,5.0,1.0,0.0774848694057,-0.774261010888,0.0,g9t6,9.0,6.0,1.0,1.0,2.0,5.0,4.0,4.0,3.0,2.0,1.0
268,7.0,9.0,10.0,0.0,0.103904736752,0.5813021266,2.0,g9t7,9.0,7.0,0.0,1.0,0.0,4.0,4.0,4.0,4.0,2.0,0.0
269,7.0,9.0,10.0,0.0,0.103904736752,0.5813021266,2.0,g9t7,9.0,7.0,1.0,0.0,1.0,4.0,5.0,4.0,3.0,1.0,0.0
270,7.0,9.0,10.0,1.0,0.0862160362064,-0.266686023825,0.0,g9t7,9.0,7.0,0.0,1.0,0.0,4.0,4.0,4.0,4.0,2.0,0.0
271,7.0,9.0,10.0,1.0,0.0862160362064,-0.266686023825,0.0,g9t7,9.0,7.0,1.0,0.0,1.0,4.0,5.0,4.0,3.0,1.0,0.0
272,9.0,9.0,7.0,0.0,0.0809174779409,0.9195676829,0.0,g9t9,9.0,9.0,0.0,0.0,0.0,3.0,5.0,4.0,2.0,1.0,0.0
273,9.0,9.0,7.0,0.0,0.0809174779409,0.9195676829,0.0,g9t9,9.0,9.0,1.0,0.0,0.0,4.0,4.0,3.0,5.0,3.0,0.0
274,9.0,9.0,6.0,1.0,0.088455415502,0.9195676829,0.0,g9t9,9.0,9.0,0.0,0.0,0.0,3.0,5.0,4.0,2.0,1.0,0.0
275,9.0,9.0,6.0,1.0,0.088455415502,0.9195676829,0.0,g9t9,9.0,9.0,1.0,0.0,0.0,4.0,4.0,3.0,5.0,3.0,0.0
276,11.0,9.0,9.0,0.0,0.0801980710734,0.638925948735,0.0,g9t11,9.0,11.0,0.0,0.0,0.0,3.0,4.0,3.0,2.0,2.0,1.0
277,11.0,9.0,9.0,0.0,0.0801980710734,0.638925948735,0.0,g9t11,9.0,11.0,1.0,2.0,0.0,2.0,4.0,3.0,3.0,0.0,1.0
278,11.0,9.0,9.0,1.0,0.0799660063972,0.638925948735,0.0,g9t11,9.0,11.0,0.0,0.0,0.0,3.0,4.0,3.0,2.0,2.0,1.0
279,11.0,9.0,9.0,1.0,0.0799660063972,0.638925948735,0.0,g9t11,9.0,11.0,1.0,2.0,0.0,2.0,4.0,3.0,3.0,0.0,1.0
280,13.0,9.0,11.0,0.0,0.0814878719526,-0.63932294491,1.0,g9t13,9.0,13.0,0.0,0.0,1.0,5.0,4.0,5.0,3.0,0.0,1.0
281,13.0,9.0,11.0,0.0,0.0814878719526,-0.63932294491,1.0,g9t13,9.0,13.0,1.0,2.0,0.0,4.0,4.0,4.0,5.0,3.0,2.0
282,13.0,9.0,9.0,1.0,0.0815708960843,0.747572805712,1.0,g9t13,9.0,13.0,0.0,0.0,1.0,5.0,4.0,5.0,3.0,0.0,1.0
283,13.0,9.0,9.0,1.0,0.0815708960843,0.747572805712,1.0,g9t13,9.0,13.0,1.0,2.0,0.0,4.0,4.0,4.0,5.0,3.0,2.0
284,14.0,9.0,5.0,0.0,0.105485513933,0.207445413476,0.0,g9t14,9.0,14.0,0.0,1.0,0.0,4.0,4.0,5.0,4.0,2.0,1.0
285,14.0,9.0,5.0,0.0,0.105485513933,0.207445413476,0.0,g9t14,9.0,14.0,1.0,0.0,0.0,4.0,5.0,4.0,4.0,2.0,0.0
286,14.0,9.0,9.0,1.0,0.0821961179447,-0.475137411341,3.0,g9t14,9.0,14.0,0.0,1.0,0.0,4.0,4.0,5.0,4.0,2.0,1.0
287,14.0,9.0,9.0,1.0,0.0821961179447,-0.475137411341,3.0,g9t14,9.0,14.0,1.0,0.0,0.0,4.0,5.0,4.0,4.0,2.0,0.0
288,1.0,10.0,12.0,0.0,0.0731172569055,-0.774985351187,2.0,g10t1,10.0,1.0,0.0,0.0,0.0,5.0,5.0,3.0,4.0,4.0,0.0
289,1.0,10.0,12.0,0.0,0.0731172569055,-0.774985351187,2.0,g10t1,10.0,1.0,1.0,0.0,0.0,5.0,5.0,2.0,5.0,3.0,0.0
290,1.0,10.0,13.0,1.0,0.0780133364447,0.454035441972,0.0,g10t1,10.0,1.0,0.0,0.0,0.0,5.0,5.0,3.0,4.0,4.0,0.0
291,1.0,10.0,13.0,1.0,0.0780133364447,0.454035441972,0.0,g10t1,10.0,1.0,1.0,0.0,0.0,5.0,5.0,2.0,5.0,3.0,0.0
292,2.0,10.0,7.0,0.0,0.0734423494701,0.601371651807,0.0,g10t2,10.0,2.0,0.0,0.0,3.0,5.0,5.0,2.0,4.0,3.0,0.0
293,2.0,10.0,7.0,0.0,0.0734423494701,0.601371651807,0.0,g10t2,10.0,2.0,1.0,1.0,0.0,2.0,4.0,4.0,3.0,1.0,0.0
294,2.0,10.0,5.0,1.0,0.122050967416,0.601371651807,0.0,g10t2,10.0,2.0,0.0,0.0,3.0,5.0,5.0,2.0,4.0,3.0,0.0
295,2.0,10.0,5.0,1.0,0.122050967416,0.601371651807,0.0,g10t2,10.0,2.0,1.0,1.0,0.0,2.0,4.0,4.0,3.0,1.0,0.0
296,3.0,10.0,15.0,0.0,0.0704030454598,-0.574244867278,4.0,g10t3,10.0,3.0,0.0,0.0,0.0,4.0,4.0,5.0,4.0,4.0,3.0
297,3.0,10.0,15.0,0.0,0.0704030454598,-0.574244867278,4.0,g10t3,10.0,3.0,1.0,0.0,1.0,5.0,5.0,5.0,4.0,2.0,0.0
298,3.0,10.0,13.0,1.0,0.0975382342692,-0.489174756186,4.0,g10t3,10.0,3.0,0.0,0.0,0.0,4.0,4.0,5.0,4.0,4.0,3.0
299,3.0,10.0,13.0,1.0,0.0975382342692,-0.489174756186,4.0,g10t3,10.0,3.0,1.0,0.0,1.0,5.0,5.0,5.0,4.0,2.0,0.0
300,4.0,10.0,16.0,0.0,0.0728625154531,-0.448042381801,0.0,g10t4,10.0,4.0,0.0,1.0,3.0,3.0,4.0,2.0,1.0,3.0,1.0
301,4.0,10.0,16.0,0.0,0.0728625154531,-0.448042381801,0.0,g10t4,10.0,4.0,1.0,2.0,0.0,4.0,5.0,3.0,4.0,1.0,0.0
302,4.0,10.0,15.0,1.0,0.0909164583548,-0.448042381801,0.0,g10t4,10.0,4.0,0.0,1.0,3.0,3.0,4.0,2.0,1.0,3.0,1.0
303,4.0,10.0,15.0,1.0,0.0909164583548,-0.448042381801,0.0,g10t4,10.0,4.0,1.0,2.0,0.0,4.0,5.0,3.0,4.0,1.0,0.0
304,5.0,10.0,14.0,0.0,0.0888689160442,0.239918315715,4.0,g10t5,10.0,5.0,0.0,0.0,0.0,5.0,5.0,4.0,5.0,4.0,0.0
305,5.0,10.0,14.0,0.0,0.0888689160442,0.239918315715,4.0,g10t5,10.0,5.0,1.0,1.0,0.0,5.0,5.0,4.0,5.0,3.0,0.0
306,5.0,10.0,16.0,1.0,0.080392322112,0.357901237174,2.0,g10t5,10.0,5.0,0.0,0.0,0.0,5.0,5.0,4.0,5.0,4.0,0.0
307,5.0,10.0,16.0,1.0,0.080392322112,0.357901237174,2.0,g10t5,10.0,5.0,1.0,1.0,0.0,5.0,5.0,4.0,5.0,3.0,0.0
308,6.0,10.0,6.0,0.0,0.0940141831619,0.790576719009,1.0,g10t6,10.0,6.0,0.0,1.0,0.0,4.0,4.0,4.0,4.0,2.0,0.0
309,6.0,10.0,6.0,0.0,0.0940141831619,0.790576719009,1.0,g10t6,10.0,6.0,1.0,0.0,0.0,5.0,5.0,3.0,5.0,2.0,0.0
310,6.0,10.0,8.0,1.0,0.0899309150634,-0.573589293724,2.0,g10t6,10.0,6.0,0.0,1.0,0.0,4.0,4.0,4.0,4.0,2.0,0.0
311,6.0,10.0,8.0,1.0,0.0899309150634,-0.573589293724,2.0,g10t6,10.0,6.0,1.0,0.0,0.0,5.0,5.0,3.0,5.0,2.0,0.0
312,7.0,10.0,12.0,0.0,0.0799296391701,0.379839282809,3.0,g10t7,10.0,7.0,0.0,0.0,0.0,5.0,5.0,2.0,5.0,4.0,1.0
313,7.0,10.0,12.0,0.0,0.0799296391701,0.379839282809,3.0,g10t7,10.0,7.0,1.0,0.0,1.0,5.0,5.0,2.0,4.0,4.0,1.0
314,7.0,10.0,13.0,1.0,0.0823931045494,0.322449184652,3.0,g10t7,10.0,7.0,0.0,0.0,0.0,5.0,5.0,2.0,5.0,4.0,1.0
315,7.0,10.0,13.0,1.0,0.0823931045494,0.322449184652,3.0,g10t7,10.0,7.0,1.0,0.0,1.0,5.0,5.0,2.0,4.0,4.0,1.0
316,8.0,10.0,19.0,0.0,0.0860255426004,0.418093640163,6.0,g10t8,10.0,8.0,0.0,0.0,0.0,4.0,5.0,4.0,5.0,3.0,0.0
317,8.0,10.0,19.0,0.0,0.0860255426004,0.418093640163,6.0,g10t8,10.0,8.0,1.0,1.0,0.0,5.0,5.0,3.0,5.0,4.0,0.0
318,8.0,10.0,19.0,1.0,0.0836249692941,0.275197563953,0.0,g10t8,10.0,8.0,0.0,0.0,0.0,4.0,5.0,4.0,5.0,3.0,0.0
319,8.0,10.0,19.0,1.0,0.0836249692941,0.275197563953,0.0,g10t8,10.0,8.0,1.0,1.0,0.0,5.0,5.0,3.0,5.0,4.0,0.0
320,9.0,10.0,49.0,0.0,0.0765849109823,-0.353606014068,5.0,g10t9,10.0,9.0,0.0,1.0,0.0,5.0,4.0,4.0,5.0,3.0,0.0
321,9.0,10.0,49.0,0.0,0.0765849109823,-0.353606014068,5.0,g10t9,10.0,9.0,1.0,1.0,0.0,3.0,3.0,2.0,3.0,3.0,0.0
322,9.0,10.0,47.0,1.0,0.0871113345011,0.263791938478,4.0,g10t9,10.0,9.0,0.0,1.0,0.0,5.0,4.0,4.0,5.0,3.0,0.0
323,9.0,10.0,47.0,1.0,0.0871113345011,0.263791938478,4.0,g10t9,10.0,9.0,1.0,1.0,0.0,3.0,3.0,2.0,3.0,3.0,0.0
324,10.0,10.0,43.0,0.0,0.0846511006193,0.22968275317,3.0,g10t10,10.0,10.0,0.0,0.0,2.0,4.0,4.0,2.0,5.0,3.0,4.0
325,10.0,10.0,43.0,0.0,0.0846511006193,0.22968275317,3.0,g10t10,10.0,10.0,1.0,1.0,0.0,2.0,4.0,3.0,2.0,3.0,1.0
326,10.0,10.0,44.0,1.0,0.0831371369725,-0.131977052247,0.0,g10t10,10.0,10.0,0.0,0.0,2.0,4.0,4.0,2.0,5.0,3.0,4.0
327,10.0,10.0,44.0,1.0,0.0831371369725,-0.131977052247,0.0,g10t10,10.0,10.0,1.0,1.0,0.0,2.0,4.0,3.0,2.0,3.0,1.0
328,11.0,10.0,13.0,0.0,0.0747664007738,0.260779706702,6.0,g10t11,10.0,11.0,0.0,1.0,0.0,5.0,5.0,5.0,5.0,5.0,0.0
329,11.0,10.0,13.0,0.0,0.0747664007738,0.260779706702,6.0,g10t11,10.0,11.0,1.0,0.0,0.0,5.0,5.0,5.0,5.0,4.0,0.0
330,11.0,10.0,11.0,1.0,0.0956017368021,0.503923119495,5.0,g10t11,10.0,11.0,0.0,1.0,0.0,5.0,5.0,5.0,5.0,5.0,0.0
331,11.0,10.0,11.0,1.0,0.0956017368021,0.503923119495,5.0,g10t11,10.0,11.0,1.0,0.0,0.0,5.0,5.0,5.0,5.0,4.0,0.0
332,12.0,10.0,12.0,0.0,0.0796250985222,0.307127396832,1.0,g10t12,10.0,12.0,0.0,0.0,0.0,5.0,5.0,4.0,5.0,3.0,0.0
333,12.0,10.0,12.0,0.0,0.0796250985222,0.307127396832,1.0,g10t12,10.0,12.0,1.0,1.0,0.0,4.0,4.0,4.0,4.0,4.0,0.0
334,12.0,10.0,12.0,1.0,0.0766567977859,0.201202649387,4.0,g10t12,10.0,12.0,0.0,0.0,0.0,5.0,5.0,4.0,5.0,3.0,0.0
335,12.0,10.0,12.0,1.0,0.0766567977859,0.201202649387,4.0,g10t12,10.0,12.0,1.0,1.0,0.0,4.0,4.0,4.0,4.0,4.0,0.0
336,13.0,10.0,21.0,0.0,0.0751145775746,0.498457818059,1.0,g10t13,10.0,13.0,0.0,0.0,0.0,4.0,4.0,5.0,4.0,3.0,1.0
337,13.0,10.0,21.0,0.0,0.0751145775746,0.498457818059,1.0,g10t13,10.0,13.0,1.0,0.0,0.0,5.0,5.0,5.0,5.0,3.0,0.0
338,13.0,10.0,19.0,1.0,0.0803253358309,-0.282849597928,5.0,g10t13,10.0,13.0,0.0,0.0,0.0,4.0,4.0,5.0,4.0,3.0,1.0
339,13.0,10.0,19.0,1.0,0.0803253358309,-0.282849597928,5.0,g10t13,10.0,13.0,1.0,0.0,0.0,5.0,5.0,5.0,5.0,3.0,0.0
340,14.0,10.0,12.0,0.0,0.0961776842756,0.585697020778,1.0,g10t14,10.0,14.0,0.0,2.0,0.0,5.0,4.0,5.0,4.0,3.0,0.0
341,14.0,10.0,12.0,0.0,0.0961776842756,0.585697020778,1.0,g10t14,10.0,14.0,1.0,0.0,0.0,4.0,5.0,2.0,4.0,3.0,0.0
342,14.0,10.0,13.0,1.0,0.0835711283103,0.444687276121,0.0,g10t14,10.0,14.0,0.0,2.0,0.0,5.0,4.0,5.0,4.0,3.0,0.0
343,14.0,10.0,13.0,1.0,0.0835711283103,0.444687276121,0.0,g10t14,10.0,14.0,1.0,0.0,0.0,4.0,5.0,2.0,4.0,3.0,0.0
344,3.0,11.0,10.0,0.0,0.0795719928963,-0.671821490672,0.0,g11t3,11.0,3.0,0.0,1.0,2.0,4.0,4.0,4.0,3.0,4.0,1.0
345,3.0,11.0,10.0,0.0,0.0795719928963,-0.671821490672,0.0,g11t3,11.0,3.0,1.0,0.0,1.0,5.0,5.0,5.0,3.0,2.0,0.0
346,3.0,11.0,10.0,1.0,0.0982087761349,-0.671821490672,0.0,g11t3,11.0,3.0,0.0,1.0,2.0,4.0,4.0,4.0,3.0,4.0,1.0
347,3.0,11.0,10.0,1.0,0.0982087761349,-0.671821490672,0.0,g11t3,11.0,3.0,1.0,0.0,1.0,5.0,5.0,5.0,3.0,2.0,0.0
348,4.0,11.0,8.0,0.0,0.0913113590874,-0.399916282392,3.0,g11t4,11.0,4.0,0.0,0.0,0.0,5.0,5.0,5.0,5.0,3.0,0.0
349,4.0,11.0,8.0,0.0,0.0913113590874,-0.399916282392,3.0,g11t4,11.0,4.0,1.0,0.0,0.0,5.0,5.0,5.0,5.0,3.0,0.0
350,4.0,11.0,8.0,1.0,0.0766354388996,0.454313690494,4.0,g11t4,11.0,4.0,0.0,0.0,0.0,5.0,5.0,5.0,5.0,3.0,0.0
351,4.0,11.0,8.0,1.0,0.0766354388996,0.454313690494,4.0,g11t4,11.0,4.0,1.0,0.0,0.0,5.0,5.0,5.0,5.0,3.0,0.0
352,6.0,11.0,5.0,0.0,0.0955507522588,0.509638748192,0.0,g11t6,11.0,6.0,0.0,2.0,0.0,4.0,3.0,3.0,5.0,1.0,2.0
353,6.0,11.0,5.0,0.0,0.0955507522588,0.509638748192,0.0,g11t6,11.0,6.0,1.0,0.0,3.0,5.0,5.0,3.0,4.0,4.0,0.0
354,6.0,11.0,5.0,1.0,0.0875680133159,0.661782990948,1.0,g11t6,11.0,6.0,0.0,2.0,0.0,4.0,3.0,3.0,5.0,1.0,2.0
355,6.0,11.0,5.0,1.0,0.0875680133159,0.661782990948,1.0,g11t6,11.0,6.0,1.0,0.0,3.0,5.0,5.0,3.0,4.0,4.0,0.0
356,7.0,11.0,8.0,0.0,0.105865784638,0.592247475223,0.0,g11t7,11.0,7.0,0.0,1.0,0.0,4.0,3.0,5.0,4.0,1.0,3.0
357,7.0,11.0,8.0,0.0,0.105865784638,0.592247475223,0.0,g11t7,11.0,7.0,1.0,0.0,3.0,4.0,5.0,4.0,3.0,2.0,0.0
358,7.0,11.0,8.0,1.0,0.0921047214677,0.592247475223,0.0,g11t7,11.0,7.0,0.0,1.0,0.0,4.0,3.0,5.0,4.0,1.0,3.0
359,7.0,11.0,8.0,1.0,0.0921047214677,0.592247475223,0.0,g11t7,11.0,7.0,1.0,0.0,3.0,4.0,5.0,4.0,3.0,2.0,0.0
360,9.0,11.0,5.0,0.0,0.0764418011523,0.557020214714,1.0,g11t9,11.0,9.0,0.0,0.0,1.0,5.0,5.0,4.0,5.0,4.0,0.0
361,9.0,11.0,5.0,0.0,0.0764418011523,0.557020214714,1.0,g11t9,11.0,9.0,1.0,0.0,2.0,5.0,5.0,3.0,5.0,5.0,0.0
362,9.0,11.0,5.0,1.0,0.0792972322463,-0.394952707806,0.0,g11t9,11.0,9.0,0.0,0.0,1.0,5.0,5.0,4.0,5.0,4.0,0.0
363,9.0,11.0,5.0,1.0,0.0792972322463,-0.394952707806,0.0,g11t9,11.0,9.0,1.0,0.0,2.0,5.0,5.0,3.0,5.0,5.0,0.0
364,10.0,11.0,5.0,0.0,0.148213677454,-0.276978135751,0.0,g11t10,11.0,10.0,0.0,1.0,0.0,4.0,3.0,4.0,3.0,2.0,0.0
365,10.0,11.0,5.0,0.0,0.148213677454,-0.276978135751,0.0,g11t10,11.0,10.0,1.0,0.0,3.0,4.0,5.0,4.0,3.0,2.0,0.0
366,10.0,11.0,8.0,1.0,0.0898241809017,-0.282845308997,4.0,g11t10,11.0,10.0,0.0,1.0,0.0,4.0,3.0,4.0,3.0,2.0,0.0
367,10.0,11.0,8.0,1.0,0.0898241809017,-0.282845308997,4.0,g11t10,11.0,10.0,1.0,0.0,3.0,4.0,5.0,4.0,3.0,2.0,0.0
368,11.0,11.0,7.0,0.0,0.0734329440396,-0.380494318693,0.0,g11t11,11.0,11.0,0.0,2.0,2.0,5.0,4.0,3.0,3.0,3.0,1.0
369,11.0,11.0,7.0,0.0,0.0734329440396,-0.380494318693,0.0,g11t11,11.0,11.0,1.0,0.0,2.0,4.0,5.0,3.0,3.0,3.0,0.0
370,11.0,11.0,7.0,1.0,0.0979232654143,-0.5076241631,3.0,g11t11,11.0,11.0,0.0,2.0,2.0,5.0,4.0,3.0,3.0,3.0,1.0
371,11.0,11.0,7.0,1.0,0.0979232654143,-0.5076241631,3.0,g11t11,11.0,11.0,1.0,0.0,2.0,4.0,5.0,3.0,3.0,3.0,0.0
372,13.0,11.0,10.0,0.0,0.0787504917955,0.325359606708,2.0,g11t13,11.0,13.0,0.0,1.0,0.0,4.0,4.0,3.0,5.0,2.0,0.0
373,13.0,11.0,10.0,0.0,0.0787504917955,0.325359606708,2.0,g11t13,11.0,13.0,1.0,0.0,1.0,3.0,5.0,2.0,4.0,1.0,0.0
374,13.0,11.0,10.0,1.0,0.0937792576233,0.62775958779,4.0,g11t13,11.0,13.0,0.0,1.0,0.0,4.0,4.0,3.0,5.0,2.0,0.0
375,13.0,11.0,10.0,1.0,0.0937792576233,0.62775958779,4.0,g11t13,11.0,13.0,1.0,0.0,1.0,3.0,5.0,2.0,4.0,1.0,0.0
376,14.0,11.0,8.0,0.0,0.113342724631,0.347473626249,4.0,g11t14,11.0,14.0,0.0,1.0,0.0,3.0,4.0,2.0,2.0,1.0,0.0
377,14.0,11.0,8.0,0.0,0.113342724631,0.347473626249,4.0,g11t14,11.0,14.0,1.0,0.0,0.0,5.0,4.0,4.0,5.0,4.0,0.0
378,14.0,11.0,11.0,1.0,0.0926616477743,0.26318116449,0.0,g11t14,11.0,14.0,0.0,1.0,0.0,3.0,4.0,2.0,2.0,1.0,0.0
379,14.0,11.0,11.0,1.0,0.0926616477743,0.26318116449,0.0,g11t14,11.0,14.0,1.0,0.0,0.0,5.0,4.0,4.0,5.0,4.0,0.0
380,1.0,12.0,7.0,0.0,0.117273984677,0.732004988282,2.0,g12t1,12.0,1.0,0.0,1.0,0.0,5.0,5.0,5.0,5.0,5.0,0.0
381,1.0,12.0,7.0,0.0,0.117273984677,0.732004988282,2.0,g12t1,12.0,1.0,1.0,3.0,0.0,4.0,4.0,3.0,4.0,2.0,0.0
382,1.0,12.0,5.0,1.0,0.109441052403,0.131894032004,1.0,g12t1,12.0,1.0,0.0,1.0,0.0,5.0,5.0,5.0,5.0,5.0,0.0
383,1.0,12.0,5.0,1.0,0.109441052403,0.131894032004,1.0,g12t1,12.0,1.0,1.0,3.0,0.0,4.0,4.0,3.0,4.0,2.0,0.0
384,4.0,12.0,11.0,0.0,0.101709406691,0.669318259591,0.0,g12t4,12.0,4.0,0.0,0.0,1.0,5.0,4.0,4.0,4.0,4.0,0.0
385,4.0,12.0,11.0,0.0,0.101709406691,0.669318259591,0.0,g12t4,12.0,4.0,1.0,1.0,1.0,4.0,4.0,4.0,5.0,2.0,0.0
386,4.0,12.0,10.0,1.0,0.121799896854,0.669318259591,0.0,g12t4,12.0,4.0,0.0,0.0,1.0,5.0,4.0,4.0,4.0,4.0,0.0
387,4.0,12.0,10.0,1.0,0.121799896854,0.669318259591,0.0,g12t4,12.0,4.0,1.0,1.0,1.0,4.0,4.0,4.0,5.0,2.0,0.0
388,6.0,12.0,5.0,0.0,0.107893583851,-0.554457922178,1.0,g12t6,12.0,6.0,0.0,0.0,0.0,5.0,5.0,5.0,5.0,4.0,0.0
389,6.0,12.0,5.0,0.0,0.107893583851,-0.554457922178,1.0,g12t6,12.0,6.0,1.0,0.0,0.0,4.0,5.0,4.0,4.0,4.0,1.0
390,6.0,12.0,5.0,1.0,0.0973423283745,0.134164492543,1.0,g12t6,12.0,6.0,0.0,0.0,0.0,5.0,5.0,5.0,5.0,4.0,0.0
391,6.0,12.0,5.0,1.0,0.0973423283745,0.134164492543,1.0,g12t6,12.0,6.0,1.0,0.0,0.0,4.0,5.0,4.0,4.0,4.0,1.0
392,8.0,12.0,7.0,0.0,0.120933685966,-0.356623911531,0.0,g12t8,12.0,8.0,0.0,2.0,2.0,5.0,4.0,4.0,5.0,3.0,1.0
393,8.0,12.0,7.0,0.0,0.120933685966,-0.356623911531,0.0,g12t8,12.0,8.0,1.0,0.0,1.0,5.0,5.0,5.0,5.0,3.0,1.0
394,8.0,12.0,10.0,1.0,0.102015485542,-0.68962140208,5.0,g12t8,12.0,8.0,0.0,2.0,2.0,5.0,4.0,4.0,5.0,3.0,1.0
395,8.0,12.0,10.0,1.0,0.102015485542,-0.68962140208,5.0,g12t8,12.0,8.0,1.0,0.0,1.0,5.0,5.0,5.0,5.0,3.0,1.0
396,9.0,12.0,11.0,0.0,0.0938901892739,-0.736362704001,1.0,g12t9,12.0,9.0,0.0,0.0,0.0,5.0,5.0,4.0,4.0,3.0,0.0
397,9.0,12.0,11.0,0.0,0.0938901892739,-0.736362704001,1.0,g12t9,12.0,9.0,1.0,0.0,0.0,4.0,4.0,4.0,4.0,3.0,1.0
398,9.0,12.0,6.0,1.0,0.124338729716,0.474648108621,1.0,g12t9,12.0,9.0,0.0,0.0,0.0,5.0,5.0,4.0,4.0,3.0,0.0
399,9.0,12.0,6.0,1.0,0.124338729716,0.474648108621,1.0,g12t9,12.0,9.0,1.0,0.0,0.0,4.0,4.0,4.0,4.0,3.0,1.0
400,10.0,12.0,11.0,0.0,0.105299195142,-0.708224230137,1.0,g12t10,12.0,10.0,0.0,0.0,1.0,4.0,5.0,3.0,4.0,2.0,0.0
401,10.0,12.0,11.0,0.0,0.105299195142,-0.708224230137,1.0,g12t10,12.0,10.0,1.0,2.0,1.0,4.0,4.0,3.0,2.0,3.0,1.0
402,10.0,12.0,11.0,1.0,0.115162955388,-0.644183041101,0.0,g12t10,12.0,10.0,0.0,0.0,1.0,4.0,5.0,3.0,4.0,2.0,0.0
403,10.0,12.0,11.0,1.0,0.115162955388,-0.644183041101,0.0,g12t10,12.0,10.0,1.0,2.0,1.0,4.0,4.0,3.0,2.0,3.0,1.0
404,11.0,12.0,12.0,0.0,0.112479254057,-0.379753787991,2.0,g12t11,12.0,11.0,0.0,0.0,0.0,4.0,5.0,3.0,4.0,4.0,0.0
405,11.0,12.0,12.0,0.0,0.112479254057,-0.379753787991,2.0,g12t11,12.0,11.0,1.0,0.0,0.0,4.0,4.0,2.0,4.0,0.0,0.0
406,11.0,12.0,10.0,1.0,0.0992994298213,-0.454778971141,4.0,g12t11,12.0,11.0,0.0,0.0,0.0,4.0,5.0,3.0,4.0,4.0,0.0
407,11.0,12.0,10.0,1.0,0.0992994298213,-0.454778971141,4.0,g12t11,12.0,11.0,1.0,0.0,0.0,4.0,4.0,2.0,4.0,0.0,0.0
408,12.0,12.0,8.0,0.0,0.123168819859,-0.802711408714,0.0,g12t12,12.0,12.0,0.0,0.0,0.0,5.0,4.0,4.0,4.0,4.0,0.0
409,12.0,12.0,8.0,0.0,0.123168819859,-0.802711408714,0.0,g12t12,12.0,12.0,1.0,0.0,0.0,3.0,5.0,4.0,3.0,4.0,0.0
410,12.0,12.0,8.0,1.0,0.106794500868,-0.802711408714,0.0,g12t12,12.0,12.0,0.0,0.0,0.0,5.0,4.0,4.0,4.0,4.0,0.0
411,12.0,12.0,8.0,1.0,0.106794500868,-0.802711408714,0.0,g12t12,12.0,12.0,1.0,0.0,0.0,3.0,5.0,4.0,3.0,4.0,0.0
412,13.0,12.0,11.0,0.0,0.0965910534097,0.295326612236,5.0,g12t13,12.0,13.0,0.0,0.0,1.0,4.0,5.0,3.0,4.0,3.0,0.0
413,13.0,12.0,11.0,0.0,0.0965910534097,0.295326612236,5.0,g12t13,12.0,13.0,1.0,2.0,0.0,3.0,4.0,4.0,3.0,3.0,3.0
414,13.0,12.0,6.0,1.0,0.112789870007,-0.248891737171,2.0,g12t13,12.0,13.0,0.0,0.0,1.0,4.0,5.0,3.0,4.0,3.0,0.0
415,13.0,12.0,6.0,1.0,0.112789870007,-0.248891737171,2.0,g12t13,12.0,13.0,1.0,2.0,0.0,3.0,4.0,4.0,3.0,3.0,3.0
416,14.0,12.0,9.0,0.0,0.12303374036,-0.325055287198,2.0,g12t14,12.0,14.0,0.0,1.0,0.0,2.0,4.0,3.0,4.0,3.0,0.0
417,14.0,12.0,9.0,0.0,0.12303374036,-0.325055287198,2.0,g12t14,12.0,14.0,1.0,0.0,1.0,2.0,5.0,2.0,3.0,2.0,1.0
418,14.0,12.0,12.0,1.0,0.0949994207604,0.483169079517,3.0,g12t14,12.0,14.0,0.0,1.0,0.0,2.0,4.0,3.0,4.0,3.0,0.0
419,14.0,12.0,12.0,1.0,0.0949994207604,0.483169079517,3.0,g12t14,12.0,14.0,1.0,0.0,1.0,2.0,5.0,2.0,3.0,2.0,1.0
