,task,session,count,speaker,tama_mean,entrainment,best_lag,hitid,session,task,conversation_awkward,flow_naturally,hard_time_understanding_each_other,contributes_to_successful_completion,making_self_clear,engaged_in_game,planning_what_to_say,gives_encouragement,difficult_for_partner_to_speak,bored_with_game,dislikes_partner
0,10.0,1.0,5.0,1.0,0.242759675785,0.344037821192,0.0,g1t10,1.0,10.0,2.0,4.0,3.0,3.0,3.0,5.0,0.0,2.0,2.0,0.0,1.0
1,10.0,1.0,6.0,0.0,0.165475470373,0.923340896064,1.0,g1t10,1.0,10.0,2.0,4.0,3.0,5.0,5.0,5.0,3.0,5.0,1.0,0.0,0.0
2,12.0,1.0,7.0,1.0,0.205926644,-0.648397048738,3.0,g1t12,1.0,12.0,1.0,3.0,4.0,4.0,2.0,5.0,4.0,4.0,3.0,0.0,1.0
3,12.0,1.0,7.0,0.0,0.171901794063,0.466111489226,0.0,g1t12,1.0,12.0,1.0,3.0,4.0,5.0,5.0,5.0,3.0,5.0,0.0,1.0,0.0
4,13.0,1.0,6.0,1.0,0.230338725032,0.35397600258,1.0,g1t13,1.0,13.0,4.0,0.0,3.0,3.0,3.0,5.0,1.0,4.0,4.0,0.0,0.0
5,13.0,1.0,6.0,0.0,0.199583763263,0.64034613519,1.0,g1t13,1.0,13.0,4.0,0.0,3.0,4.0,4.0,4.0,3.0,5.0,1.0,2.0,1.0
6,3.0,2.0,6.0,1.0,0.0925488822708,-0.731717078706,1.0,g2t3,2.0,3.0,2.0,5.0,3.0,4.0,4.0,5.0,1.0,3.0,1.0,0.0,3.0
7,3.0,2.0,6.0,0.0,0.112783931761,-0.235132346677,0.0,g2t3,2.0,3.0,2.0,5.0,3.0,5.0,5.0,4.0,2.0,5.0,0.0,0.0,0.0
8,4.0,2.0,23.0,1.0,0.113993007166,0.287202980473,6.0,g2t4,2.0,4.0,2.0,4.0,2.0,4.0,4.0,3.0,3.0,4.0,1.0,2.0,1.0
9,4.0,2.0,19.0,0.0,0.0993720764512,0.372010941023,1.0,g2t4,2.0,4.0,2.0,4.0,2.0,4.0,4.0,5.0,4.0,4.0,0.0,0.0,0.0
10,7.0,2.0,8.0,1.0,0.091775613986,0.309760523423,0.0,g2t7,2.0,7.0,0.0,5.0,0.0,5.0,5.0,5.0,5.0,5.0,0.0,1.0,0.0
11,7.0,2.0,8.0,0.0,0.0987069552257,0.309760523423,0.0,g2t7,2.0,7.0,0.0,5.0,0.0,5.0,5.0,5.0,3.0,4.0,1.0,0.0,0.0
12,8.0,2.0,57.0,1.0,0.161635438459,0.148868923739,0.0,g2t8,2.0,8.0,2.0,5.0,4.0,5.0,4.0,5.0,4.0,3.0,1.0,2.0,1.0
13,8.0,2.0,52.0,0.0,0.0988781277221,-0.174534502637,5.0,g2t8,2.0,8.0,2.0,5.0,4.0,2.0,2.0,5.0,2.0,4.0,0.0,0.0,0.0
14,10.0,2.0,28.0,1.0,0.116424228869,-0.367744720114,5.0,g2t10,2.0,10.0,2.0,4.0,3.0,3.0,1.0,3.0,3.0,2.0,1.0,2.0,2.0
15,10.0,2.0,28.0,0.0,0.0960635461892,-0.167019343837,2.0,g2t10,2.0,10.0,2.0,4.0,3.0,5.0,3.0,5.0,1.0,5.0,0.0,1.0,0.0
16,11.0,2.0,9.0,1.0,0.0792610141624,-0.633338276032,1.0,g2t11,2.0,11.0,2.0,4.0,2.0,3.0,4.0,1.0,1.0,3.0,0.0,4.0,1.0
17,11.0,2.0,6.0,0.0,0.0900767322508,0.3003243729,1.0,g2t11,2.0,11.0,2.0,4.0,2.0,5.0,5.0,5.0,5.0,3.0,0.0,0.0,0.0
18,12.0,2.0,8.0,1.0,0.120437164883,0.434576005948,4.0,g2t12,2.0,12.0,2.0,3.0,2.0,5.0,2.0,3.0,2.0,5.0,0.0,2.0,0.0
19,12.0,2.0,11.0,0.0,0.0912715808782,-0.195351794013,1.0,g2t12,2.0,12.0,2.0,3.0,2.0,5.0,5.0,5.0,5.0,5.0,1.0,1.0,1.0
20,13.0,2.0,15.0,1.0,0.126369782893,0.347147294121,1.0,g2t13,2.0,13.0,2.0,3.0,2.0,1.0,4.0,3.0,0.0,1.0,0.0,3.0,4.0
21,13.0,2.0,7.0,0.0,0.0612123784237,-0.706295111917,3.0,g2t13,2.0,13.0,2.0,3.0,2.0,4.0,5.0,4.0,3.0,4.0,1.0,0.0,1.0
22,14.0,2.0,9.0,1.0,0.126978379557,-0.740229286738,0.0,g2t14,2.0,14.0,1.0,5.0,3.0,5.0,5.0,2.0,4.0,2.0,0.0,4.0,2.0
23,14.0,2.0,9.0,0.0,0.0774562648478,-0.740229286738,0.0,g2t14,2.0,14.0,1.0,5.0,3.0,5.0,4.0,5.0,0.0,1.0,0.0,1.0,0.0
24,1.0,3.0,16.0,1.0,0.13413123823,0.253092011856,2.0,g3t1,3.0,1.0,1.0,4.0,3.0,5.0,5.0,5.0,5.0,4.0,0.0,1.0,0.0
25,1.0,3.0,15.0,0.0,0.194125263857,-0.308648294806,5.0,g3t1,3.0,1.0,1.0,4.0,3.0,4.0,3.0,5.0,4.0,3.0,2.0,0.0,0.0
26,4.0,3.0,11.0,1.0,0.110932813272,-0.551510938758,2.0,g3t4,3.0,4.0,2.0,2.0,2.0,5.0,5.0,5.0,2.0,5.0,1.0,1.0,1.0
27,4.0,3.0,10.0,0.0,0.174909613193,0.530749093114,0.0,g3t4,3.0,4.0,2.0,2.0,2.0,5.0,3.0,5.0,3.0,4.0,4.0,0.0,0.0
28,8.0,3.0,7.0,1.0,0.115723145004,0.551045500936,1.0,g3t8,3.0,8.0,4.0,4.0,2.0,5.0,4.0,4.0,3.0,2.0,1.0,2.0,1.0
29,8.0,3.0,12.0,0.0,0.207298784498,0.217849988692,0.0,g3t8,3.0,8.0,4.0,4.0,2.0,4.0,4.0,4.0,2.0,4.0,1.0,2.0,1.0
30,10.0,3.0,12.0,1.0,0.140174964612,0.33477571034,1.0,g3t10,3.0,10.0,1.0,4.0,1.0,5.0,4.0,5.0,2.0,3.0,1.0,0.0,1.0
31,10.0,3.0,20.0,0.0,0.190378816762,0.483251150036,4.0,g3t10,3.0,10.0,1.0,4.0,1.0,5.0,5.0,5.0,3.0,3.0,0.0,0.0,0.0
32,12.0,3.0,10.0,1.0,0.14793238239,-0.237902405542,0.0,g3t12,3.0,12.0,0.0,3.0,1.0,5.0,5.0,5.0,4.0,3.0,1.0,0.0,1.0
33,12.0,3.0,16.0,0.0,0.203974796446,0.689665470795,4.0,g3t12,3.0,12.0,0.0,3.0,1.0,5.0,4.0,4.0,3.0,3.0,0.0,1.0,0.0
34,13.0,3.0,13.0,1.0,0.118494754746,0.49048260934,1.0,g3t13,3.0,13.0,4.0,3.0,3.0,4.0,5.0,4.0,4.0,3.0,0.0,2.0,1.0
35,13.0,3.0,11.0,0.0,0.191320067573,0.386343177397,5.0,g3t13,3.0,13.0,4.0,3.0,3.0,4.0,5.0,5.0,4.0,4.0,0.0,0.0,2.0
36,3.0,4.0,10.0,1.0,0.13068150666,-0.435743990685,0.0,g4t3,4.0,3.0,0.0,5.0,1.0,5.0,5.0,5.0,4.0,5.0,0.0,0.0,0.0
37,3.0,4.0,7.0,0.0,0.1356210181,-0.598216193879,2.0,g4t3,4.0,3.0,0.0,5.0,1.0,5.0,5.0,5.0,5.0,5.0,0.0,0.0,1.0
38,4.0,4.0,9.0,1.0,0.148073274757,0.376536128456,0.0,g4t4,4.0,4.0,3.0,3.0,1.0,5.0,5.0,5.0,3.0,3.0,0.0,0.0,0.0
39,4.0,4.0,7.0,0.0,0.180587275798,0.376536128456,0.0,g4t4,4.0,4.0,3.0,3.0,1.0,5.0,3.0,3.0,3.0,2.0,1.0,2.0,0.0
40,5.0,4.0,6.0,1.0,0.188397109195,-0.300065784757,2.0,g4t5,4.0,5.0,2.0,3.0,0.0,5.0,4.0,5.0,0.0,3.0,4.0,0.0,0.0
41,5.0,4.0,10.0,0.0,0.133046510036,0.522575130847,1.0,g4t5,4.0,5.0,2.0,3.0,0.0,4.0,4.0,4.0,1.0,3.0,0.0,0.0,0.0
42,7.0,4.0,10.0,1.0,0.165826016155,-0.382217693236,1.0,g4t7,4.0,7.0,2.0,4.0,2.0,5.0,5.0,5.0,3.0,3.0,0.0,0.0,0.0
43,7.0,4.0,14.0,0.0,0.147074392987,0.30799660253,1.0,g4t7,4.0,7.0,2.0,4.0,2.0,5.0,5.0,5.0,4.0,3.0,0.0,0.0,0.0
44,8.0,4.0,19.0,1.0,0.163667272192,-0.429452068014,2.0,g4t8,4.0,8.0,3.0,2.0,2.0,5.0,3.0,4.0,2.0,4.0,4.0,1.0,1.0
45,8.0,4.0,24.0,0.0,0.156687107766,-0.315363832196,4.0,g4t8,4.0,8.0,3.0,2.0,2.0,3.0,3.0,3.0,3.0,1.0,0.0,0.0,2.0
46,9.0,4.0,9.0,1.0,0.123381826611,-0.283702965353,0.0,g4t9,4.0,9.0,0.0,5.0,0.0,5.0,5.0,5.0,0.0,4.0,0.0,1.0,0.0
47,9.0,4.0,8.0,0.0,0.173834124035,0.518709886762,4.0,g4t9,4.0,9.0,0.0,5.0,0.0,5.0,4.0,5.0,4.0,4.0,0.0,1.0,0.0
48,10.0,4.0,25.0,1.0,0.161469967305,0.278654730028,1.0,g4t10,4.0,10.0,2.0,4.0,0.0,5.0,5.0,2.0,3.0,4.0,0.0,2.0,1.0
49,10.0,4.0,27.0,0.0,0.155631457258,-0.294632401421,3.0,g4t10,4.0,10.0,2.0,4.0,0.0,5.0,5.0,5.0,3.0,4.0,1.0,0.0,0.0
50,11.0,4.0,12.0,1.0,0.129750944162,0.203960037983,1.0,g4t11,4.0,11.0,0.0,4.0,2.0,5.0,3.0,5.0,2.0,3.0,1.0,0.0,2.0
51,11.0,4.0,10.0,0.0,0.18818580248,-0.436537561182,1.0,g4t11,4.0,11.0,0.0,4.0,2.0,4.0,4.0,5.0,2.0,4.0,1.0,0.0,1.0
52,12.0,4.0,10.0,1.0,0.178705254215,0.499094933624,5.0,g4t12,4.0,12.0,1.0,3.0,2.0,5.0,5.0,3.0,4.0,4.0,2.0,1.0,0.0
53,12.0,4.0,22.0,0.0,0.131159416795,0.39072081453,4.0,g4t12,4.0,12.0,1.0,3.0,2.0,3.0,4.0,3.0,2.0,4.0,1.0,2.0,1.0
54,13.0,4.0,16.0,1.0,0.145918013083,-0.218829204401,2.0,g4t13,4.0,13.0,0.0,5.0,1.0,5.0,5.0,5.0,3.0,3.0,0.0,0.0,0.0
55,13.0,4.0,15.0,0.0,0.187673367765,-0.292003848428,4.0,g4t13,4.0,13.0,0.0,5.0,1.0,5.0,5.0,5.0,4.0,3.0,1.0,0.0,1.0
56,3.0,5.0,9.0,1.0,0.148360171255,0.494781953487,0.0,g5t3,5.0,3.0,3.0,2.0,0.0,5.0,4.0,5.0,4.0,3.0,0.0,0.0,1.0
57,3.0,5.0,8.0,0.0,0.177815701032,0.494781953487,0.0,g5t3,5.0,3.0,3.0,2.0,0.0,3.0,2.0,5.0,1.0,3.0,0.0,2.0,0.0
58,4.0,5.0,9.0,1.0,0.144563119734,-0.687482660996,3.0,g5t4,5.0,4.0,2.0,4.0,1.0,4.0,3.0,3.0,2.0,3.0,0.0,2.0,0.0
59,4.0,5.0,8.0,0.0,0.163118552514,0.395919897464,0.0,g5t4,5.0,4.0,2.0,4.0,1.0,5.0,5.0,5.0,4.0,5.0,1.0,1.0,2.0
60,9.0,5.0,16.0,1.0,0.0999194682121,0.378510490195,0.0,g5t9,5.0,9.0,4.0,3.0,5.0,5.0,4.0,4.0,2.0,2.0,0.0,1.0,1.0
61,9.0,5.0,13.0,0.0,0.186894219026,0.614956291348,1.0,g5t9,5.0,9.0,4.0,3.0,5.0,3.0,2.0,4.0,1.0,2.0,2.0,1.0,1.0
62,11.0,5.0,8.0,1.0,0.120134384418,-0.414969305701,0.0,g5t11,5.0,11.0,0.0,5.0,1.0,5.0,4.0,5.0,1.0,4.0,1.0,1.0,1.0
63,11.0,5.0,7.0,0.0,0.190058854182,-0.497479760542,1.0,g5t11,5.0,11.0,0.0,5.0,1.0,5.0,4.0,5.0,4.0,5.0,1.0,0.0,0.0
64,13.0,5.0,14.0,1.0,0.105834187914,-0.529281930734,5.0,g5t13,5.0,13.0,4.0,2.0,1.0,4.0,3.0,3.0,2.0,3.0,0.0,1.0,0.0
65,13.0,5.0,12.0,0.0,0.145913610857,-0.378014455192,0.0,g5t13,5.0,13.0,4.0,2.0,1.0,4.0,4.0,5.0,4.0,2.0,2.0,2.0,0.0
66,14.0,5.0,6.0,1.0,0.123738839589,0.521608144222,0.0,g5t14,5.0,14.0,2.0,2.0,4.0,5.0,5.0,4.0,4.0,3.0,1.0,1.0,0.0
67,14.0,5.0,12.0,0.0,0.161960167671,0.521608144222,0.0,g5t14,5.0,14.0,2.0,2.0,4.0,0.0,3.0,1.0,2.0,2.0,0.0,3.0,0.0
68,3.0,6.0,8.0,1.0,0.136157872351,0.477272182495,2.0,g6t3,6.0,3.0,3.0,3.0,1.0,1.0,1.0,2.0,1.0,1.0,0.0,4.0,1.0
69,3.0,6.0,5.0,0.0,0.216886449605,0.354354645948,0.0,g6t3,6.0,3.0,3.0,3.0,1.0,5.0,5.0,5.0,4.0,3.0,0.0,0.0,0.0
70,4.0,6.0,12.0,1.0,0.127022840458,-0.432406115286,1.0,g6t4,6.0,4.0,4.0,1.0,4.0,3.0,5.0,0.0,3.0,2.0,0.0,5.0,4.0
71,4.0,6.0,5.0,0.0,0.111400317927,0.581000911056,1.0,g6t4,6.0,4.0,4.0,1.0,4.0,2.0,3.0,4.0,1.0,4.0,0.0,1.0,1.0
72,5.0,6.0,7.0,1.0,0.223660879024,-0.560804227624,0.0,g6t5,6.0,5.0,2.0,1.0,2.0,3.0,3.0,4.0,3.0,3.0,0.0,1.0,1.0
73,5.0,6.0,15.0,0.0,0.11131669089,-0.560804227624,0.0,g6t5,6.0,5.0,2.0,1.0,2.0,5.0,5.0,5.0,2.0,5.0,0.0,1.0,0.0
74,6.0,6.0,12.0,1.0,0.14280732378,-0.609295538136,0.0,g6t6,6.0,6.0,4.0,0.0,1.0,3.0,1.0,4.0,2.0,3.0,1.0,1.0,0.0
75,6.0,6.0,17.0,0.0,0.111683429085,-0.609295538136,0.0,g6t6,6.0,6.0,4.0,0.0,1.0,5.0,5.0,4.0,4.0,4.0,1.0,1.0,1.0
76,7.0,6.0,8.0,1.0,0.128377021489,-0.8022166016,1.0,g6t7,6.0,7.0,1.0,4.0,0.0,4.0,4.0,5.0,3.0,4.0,1.0,2.0,0.0
77,7.0,6.0,9.0,0.0,0.123670636242,-0.438250593983,0.0,g6t7,6.0,7.0,1.0,4.0,0.0,5.0,4.0,4.0,3.0,5.0,0.0,1.0,0.0
78,8.0,6.0,14.0,1.0,0.148023230379,0.234610238568,3.0,g6t8,6.0,8.0,5.0,1.0,3.0,2.0,1.0,3.0,1.0,2.0,0.0,2.0,1.0
79,8.0,6.0,23.0,0.0,0.124066947319,0.247979062443,5.0,g6t8,6.0,8.0,5.0,1.0,3.0,5.0,5.0,5.0,3.0,4.0,0.0,0.0,1.0
80,9.0,6.0,10.0,1.0,0.114299954702,0.221133287398,0.0,g6t9,6.0,9.0,2.0,3.0,0.0,3.0,3.0,2.0,0.0,1.0,0.0,4.0,2.0
81,9.0,6.0,6.0,0.0,0.185429389091,-0.231591279173,4.0,g6t9,6.0,9.0,2.0,3.0,0.0,4.0,4.0,5.0,4.0,3.0,0.0,1.0,1.0
82,10.0,6.0,9.0,1.0,0.150445239806,-0.432196035416,2.0,g6t10,6.0,10.0,1.0,4.0,1.0,4.0,4.0,5.0,2.0,4.0,0.0,0.0,0.0
83,10.0,6.0,15.0,0.0,0.163560292696,-0.440006018131,3.0,g6t10,6.0,10.0,1.0,4.0,1.0,5.0,5.0,5.0,4.0,4.0,1.0,0.0,0.0
84,12.0,6.0,10.0,1.0,0.168305716932,0.661796709486,1.0,g6t12,6.0,12.0,2.0,3.0,0.0,5.0,5.0,5.0,4.0,5.0,1.0,0.0,0.0
85,12.0,6.0,16.0,0.0,0.11937271837,0.477897276305,0.0,g6t12,6.0,12.0,2.0,3.0,0.0,4.0,5.0,3.0,2.0,5.0,1.0,2.0,1.0
86,3.0,7.0,8.0,1.0,0.107504169086,0.826788700307,1.0,g7t3,7.0,3.0,2.0,3.0,1.0,5.0,5.0,4.0,4.0,3.0,0.0,2.0,1.0
87,3.0,7.0,7.0,0.0,0.101180285297,-0.638861654151,3.0,g7t3,7.0,3.0,2.0,3.0,1.0,4.0,4.0,4.0,1.0,3.0,1.0,1.0,1.0
88,4.0,7.0,10.0,1.0,0.126390842609,-0.373813978374,0.0,g7t4,7.0,4.0,1.0,4.0,3.0,5.0,5.0,5.0,3.0,2.0,0.0,0.0,1.0
89,4.0,7.0,10.0,0.0,0.129534112527,0.439333562975,3.0,g7t4,7.0,4.0,1.0,4.0,3.0,4.0,3.0,5.0,4.0,4.0,1.0,0.0,0.0
90,5.0,7.0,18.0,1.0,0.141964820643,0.27932145875,6.0,g7t5,7.0,5.0,5.0,2.0,5.0,3.0,2.0,4.0,3.0,2.0,3.0,0.0,3.0
91,5.0,7.0,18.0,0.0,0.0935758419675,-0.31389239656,1.0,g7t5,7.0,5.0,5.0,2.0,5.0,2.0,1.0,4.0,0.0,1.0,2.0,0.0,0.0
92,6.0,7.0,5.0,1.0,0.137858691912,0.868960702597,0.0,g7t6,7.0,6.0,0.0,5.0,0.0,5.0,5.0,5.0,4.0,4.0,1.0,0.0,0.0
93,6.0,7.0,6.0,0.0,0.0932375999676,0.868960702597,0.0,g7t6,7.0,6.0,0.0,5.0,0.0,5.0,5.0,5.0,2.0,5.0,1.0,0.0,0.0
94,8.0,7.0,7.0,1.0,0.168127582942,0.576104726209,0.0,g7t8,7.0,8.0,2.0,3.0,2.0,5.0,4.0,5.0,4.0,5.0,0.0,1.0,1.0
95,8.0,7.0,7.0,0.0,0.091450182541,0.576104726209,0.0,g7t8,7.0,8.0,2.0,3.0,2.0,5.0,3.0,5.0,3.0,5.0,1.0,1.0,0.0
96,9.0,7.0,13.0,1.0,0.147527626597,-0.661404741783,1.0,g7t9,7.0,9.0,2.0,3.0,5.0,4.0,4.0,4.0,2.0,4.0,1.0,2.0,1.0
97,9.0,7.0,12.0,0.0,0.0906025555971,0.577834565999,4.0,g7t9,7.0,9.0,2.0,3.0,5.0,2.0,0.0,4.0,0.0,4.0,2.0,0.0,0.0
98,10.0,7.0,8.0,1.0,0.154993435722,-0.500074138687,2.0,g7t10,7.0,10.0,1.0,4.0,1.0,5.0,4.0,5.0,3.0,4.0,0.0,0.0,1.0
99,10.0,7.0,8.0,0.0,0.120188528075,0.320979879627,2.0,g7t10,7.0,10.0,1.0,4.0,1.0,5.0,4.0,5.0,3.0,5.0,2.0,0.0,0.0
100,11.0,7.0,7.0,1.0,0.1160470236,0.590369333071,1.0,g7t11,7.0,11.0,0.0,5.0,2.0,5.0,5.0,5.0,4.0,3.0,0.0,0.0,0.0
101,11.0,7.0,5.0,0.0,0.106801556452,-0.53734689677,1.0,g7t11,7.0,11.0,0.0,5.0,2.0,5.0,4.0,5.0,3.0,3.0,1.0,0.0,0.0
102,12.0,7.0,9.0,1.0,0.112338390958,-0.602833639717,0.0,g7t12,7.0,12.0,0.0,5.0,1.0,5.0,5.0,5.0,3.0,4.0,2.0,1.0,0.0
103,12.0,7.0,9.0,0.0,0.107306282729,-0.602833639717,0.0,g7t12,7.0,12.0,0.0,5.0,1.0,5.0,5.0,5.0,2.0,5.0,1.0,0.0,0.0
104,14.0,7.0,6.0,1.0,0.13706275816,-0.507300215505,2.0,g7t14,7.0,14.0,1.0,4.0,0.0,4.0,5.0,5.0,4.0,5.0,1.0,0.0,0.0
105,14.0,7.0,6.0,0.0,0.0912742051359,0.305627826684,2.0,g7t14,7.0,14.0,1.0,4.0,0.0,5.0,5.0,5.0,3.0,5.0,1.0,0.0,0.0
106,3.0,8.0,6.0,1.0,0.13975964011,0.564478133858,0.0,g8t3,8.0,3.0,1.0,4.0,2.0,5.0,5.0,4.0,3.0,3.0,0.0,0.0,0.0
107,3.0,8.0,5.0,0.0,0.0965684206927,0.702953152511,1.0,g8t3,8.0,3.0,1.0,4.0,2.0,5.0,3.0,5.0,4.0,4.0,2.0,0.0,1.0
108,5.0,8.0,9.0,1.0,0.166334186035,-0.593482155653,1.0,g8t5,8.0,5.0,2.0,4.0,1.0,5.0,5.0,5.0,4.0,4.0,0.0,0.0,0.0
109,5.0,8.0,11.0,0.0,0.0800393444869,0.66212252503,1.0,g8t5,8.0,5.0,2.0,4.0,1.0,2.0,3.0,3.0,2.0,4.0,2.0,1.0,0.0
110,6.0,8.0,7.0,1.0,0.1531113558,-0.642915522401,0.0,g8t6,8.0,6.0,1.0,5.0,0.0,4.0,3.0,5.0,2.0,2.0,3.0,1.0,0.0
111,6.0,8.0,7.0,0.0,0.134319144621,-0.642915522401,0.0,g8t6,8.0,6.0,1.0,5.0,0.0,4.0,4.0,4.0,4.0,4.0,0.0,2.0,0.0
112,7.0,8.0,10.0,1.0,0.186404319653,0.360584056366,1.0,g8t7,8.0,7.0,2.0,3.0,3.0,5.0,4.0,5.0,3.0,5.0,0.0,0.0,0.0
113,7.0,8.0,10.0,0.0,0.118923755819,0.143787709642,1.0,g8t7,8.0,7.0,2.0,3.0,3.0,3.0,3.0,5.0,2.0,5.0,1.0,0.0,0.0
114,8.0,8.0,6.0,1.0,0.142462325642,-0.686931211649,1.0,g8t8,8.0,8.0,2.0,2.0,1.0,4.0,4.0,5.0,3.0,3.0,2.0,0.0,0.0
115,8.0,8.0,6.0,0.0,0.108442277787,-0.267484959941,0.0,g8t8,8.0,8.0,2.0,2.0,1.0,2.0,4.0,4.0,2.0,4.0,1.0,1.0,1.0
116,10.0,8.0,7.0,1.0,0.231112504265,-0.392469787993,3.0,g8t10,8.0,10.0,4.0,0.0,2.0,5.0,5.0,5.0,3.0,5.0,1.0,0.0,0.0
117,10.0,8.0,9.0,0.0,0.120090317796,-0.73279458581,2.0,g8t10,8.0,10.0,4.0,0.0,2.0,4.0,5.0,4.0,2.0,4.0,0.0,0.0,0.0
118,12.0,8.0,5.0,1.0,0.118224681069,-0.866448590691,0.0,g8t12,8.0,12.0,2.0,3.0,2.0,5.0,4.0,5.0,2.0,5.0,1.0,0.0,1.0
119,12.0,8.0,7.0,0.0,0.0965399984702,-0.866448590691,0.0,g8t12,8.0,12.0,2.0,3.0,2.0,5.0,5.0,5.0,3.0,5.0,1.0,0.0,0.0
120,13.0,8.0,9.0,1.0,0.146834625985,-0.29540874544,0.0,g8t13,8.0,13.0,3.0,1.0,3.0,4.0,4.0,4.0,2.0,4.0,1.0,0.0,0.0
121,13.0,8.0,10.0,0.0,0.109103147406,-0.369155467924,2.0,g8t13,8.0,13.0,3.0,1.0,3.0,5.0,3.0,4.0,2.0,2.0,1.0,0.0,1.0
122,14.0,8.0,17.0,1.0,0.147642443365,0.557693998123,5.0,g8t14,8.0,14.0,1.0,3.0,4.0,5.0,4.0,5.0,3.0,4.0,0.0,0.0,0.0
123,14.0,8.0,18.0,0.0,0.0993538235809,-0.0886827750785,1.0,g8t14,8.0,14.0,1.0,3.0,4.0,5.0,5.0,4.0,3.0,5.0,3.0,0.0,0.0
124,1.0,9.0,6.0,1.0,0.114976010919,-0.53473105541,0.0,g9t1,9.0,1.0,2.0,5.0,4.0,1.0,2.0,4.0,1.0,1.0,1.0,2.0,2.0
125,1.0,9.0,6.0,0.0,0.149843026031,-0.53473105541,0.0,g9t1,9.0,1.0,2.0,5.0,4.0,5.0,5.0,5.0,5.0,3.0,0.0,0.0,1.0
126,2.0,9.0,5.0,1.0,0.0872337010149,0.952062921871,0.0,g9t2,9.0,2.0,2.0,3.0,1.0,2.0,3.0,4.0,1.0,3.0,0.0,2.0,0.0
127,2.0,9.0,5.0,0.0,0.0913794891513,0.952062921871,0.0,g9t2,9.0,2.0,2.0,3.0,1.0,5.0,5.0,5.0,3.0,4.0,0.0,0.0,0.0
128,4.0,9.0,7.0,1.0,0.113866485786,-0.906531292455,0.0,g9t4,9.0,4.0,3.0,5.0,3.0,5.0,4.0,5.0,1.0,3.0,0.0,1.0,1.0
129,4.0,9.0,7.0,0.0,0.0884556375358,-0.906531292455,0.0,g9t4,9.0,4.0,3.0,5.0,3.0,4.0,3.0,5.0,1.0,5.0,1.0,1.0,2.0
130,5.0,9.0,5.0,1.0,0.128218803117,-0.518478323241,1.0,g9t5,9.0,5.0,1.0,5.0,2.0,5.0,4.0,5.0,3.0,5.0,0.0,0.0,1.0
131,5.0,9.0,5.0,0.0,0.081868839717,0.691922063013,1.0,g9t5,9.0,5.0,1.0,5.0,2.0,4.0,5.0,4.0,3.0,3.0,0.0,1.0,1.0
132,6.0,9.0,5.0,1.0,0.125761441686,-0.82626988891,0.0,g9t6,9.0,6.0,2.0,3.0,3.0,5.0,3.0,4.0,2.0,4.0,2.0,1.0,1.0
133,6.0,9.0,5.0,0.0,0.0808010014011,-0.82626988891,0.0,g9t6,9.0,6.0,2.0,3.0,3.0,4.0,3.0,4.0,1.0,4.0,2.0,2.0,1.0
134,7.0,9.0,10.0,1.0,0.167663289132,-0.45048055887,3.0,g9t7,9.0,7.0,1.0,5.0,3.0,4.0,3.0,5.0,1.0,4.0,1.0,0.0,0.0
135,7.0,9.0,10.0,0.0,0.0928125175108,0.59532800383,1.0,g9t7,9.0,7.0,1.0,5.0,3.0,4.0,4.0,4.0,2.0,4.0,0.0,1.0,0.0
136,9.0,9.0,7.0,1.0,0.107598367857,0.479952156491,0.0,g9t9,9.0,9.0,2.0,3.0,1.0,4.0,5.0,4.0,3.0,3.0,0.0,0.0,0.0
137,9.0,9.0,6.0,0.0,0.0599280807939,0.479952156491,0.0,g9t9,9.0,9.0,2.0,3.0,1.0,3.0,2.0,5.0,1.0,4.0,0.0,0.0,0.0
138,11.0,9.0,9.0,1.0,0.109286376251,0.480748182611,3.0,g9t11,9.0,11.0,1.0,4.0,3.0,2.0,3.0,4.0,0.0,3.0,0.0,2.0,1.0
139,11.0,9.0,9.0,0.0,0.0776852965741,0.330977095923,0.0,g9t11,9.0,11.0,1.0,4.0,3.0,3.0,2.0,4.0,2.0,3.0,0.0,0.0,1.0
140,13.0,9.0,11.0,1.0,0.107074633047,-0.464831688304,1.0,g9t13,9.0,13.0,2.0,5.0,1.0,4.0,5.0,4.0,3.0,4.0,0.0,2.0,2.0
141,13.0,9.0,9.0,0.0,0.131519960367,-0.307264886737,0.0,g9t13,9.0,13.0,2.0,5.0,1.0,5.0,3.0,4.0,0.0,5.0,1.0,0.0,1.0
142,14.0,9.0,5.0,1.0,0.180301828762,-0.602125497909,0.0,g9t14,9.0,14.0,2.0,5.0,0.0,4.0,4.0,5.0,2.0,4.0,0.0,0.0,0.0
143,14.0,9.0,9.0,0.0,0.104538718295,-0.602125497909,0.0,g9t14,9.0,14.0,2.0,5.0,0.0,4.0,4.0,4.0,2.0,5.0,0.0,1.0,1.0
144,1.0,10.0,12.0,1.0,0.0861501448873,-0.357751235778,5.0,g10t1,10.0,1.0,1.0,5.0,0.0,5.0,5.0,5.0,3.0,2.0,0.0,0.0,0.0
145,1.0,10.0,13.0,0.0,0.136258770708,-0.298444358287,0.0,g10t1,10.0,1.0,1.0,5.0,0.0,5.0,4.0,5.0,4.0,3.0,0.0,0.0,0.0
146,2.0,10.0,7.0,1.0,0.0921057923554,0.153432841969,2.0,g10t2,10.0,2.0,1.0,5.0,0.0,2.0,3.0,4.0,1.0,4.0,0.0,1.0,0.0
147,2.0,10.0,6.0,0.0,0.265811229682,-0.356393875055,1.0,g10t2,10.0,2.0,1.0,5.0,0.0,5.0,4.0,5.0,3.0,2.0,3.0,0.0,0.0
148,3.0,10.0,15.0,1.0,0.0932221433005,0.544620285598,1.0,g10t3,10.0,3.0,1.0,4.0,1.0,5.0,4.0,5.0,2.0,5.0,1.0,0.0,0.0
149,3.0,10.0,13.0,0.0,0.113451994902,0.356758914023,0.0,g10t3,10.0,3.0,1.0,4.0,1.0,4.0,4.0,4.0,4.0,5.0,0.0,0.0,3.0
150,4.0,10.0,16.0,1.0,0.090898519936,-0.146704546072,4.0,g10t4,10.0,4.0,3.0,4.0,4.0,4.0,4.0,5.0,1.0,3.0,0.0,2.0,0.0
151,4.0,10.0,15.0,0.0,0.166598708839,0.434941065791,2.0,g10t4,10.0,4.0,3.0,4.0,4.0,3.0,1.0,4.0,3.0,2.0,3.0,1.0,1.0
152,5.0,10.0,14.0,1.0,0.128940543139,-0.312863927582,1.0,g10t5,10.0,5.0,0.0,4.0,0.0,5.0,5.0,5.0,3.0,4.0,0.0,1.0,0.0
153,5.0,10.0,16.0,0.0,0.0845188177996,-0.356926090838,1.0,g10t5,10.0,5.0,0.0,4.0,0.0,5.0,5.0,5.0,4.0,4.0,0.0,0.0,0.0
154,6.0,10.0,6.0,1.0,0.129548074582,-0.438252709704,0.0,g10t6,10.0,6.0,1.0,5.0,1.0,5.0,5.0,5.0,2.0,3.0,0.0,0.0,0.0
155,6.0,10.0,8.0,0.0,0.096576015108,0.604013613406,2.0,g10t6,10.0,6.0,1.0,5.0,1.0,4.0,4.0,4.0,2.0,4.0,0.0,1.0,0.0
156,7.0,10.0,12.0,1.0,0.0953564205058,-0.416733691391,3.0,g10t7,10.0,7.0,1.0,4.0,1.0,5.0,4.0,5.0,4.0,2.0,1.0,0.0,1.0
157,7.0,10.0,13.0,0.0,0.0954705129978,0.196822469532,0.0,g10t7,10.0,7.0,1.0,4.0,1.0,5.0,5.0,5.0,4.0,2.0,0.0,0.0,1.0
158,8.0,10.0,19.0,1.0,0.105613798261,0.764576712501,0.0,g10t8,10.0,8.0,1.0,5.0,2.0,5.0,5.0,5.0,4.0,3.0,0.0,1.0,0.0
159,8.0,10.0,19.0,0.0,0.0943476823219,0.764576712501,0.0,g10t8,10.0,8.0,1.0,5.0,2.0,4.0,5.0,5.0,3.0,4.0,0.0,0.0,0.0
160,9.0,10.0,49.0,1.0,0.0965219514886,-0.189199938108,3.0,g10t9,10.0,9.0,2.0,5.0,3.0,3.0,3.0,3.0,3.0,2.0,0.0,1.0,0.0
161,9.0,10.0,48.0,0.0,0.13155641745,0.0851533868001,4.0,g10t9,10.0,9.0,2.0,5.0,3.0,5.0,5.0,4.0,3.0,4.0,0.0,1.0,0.0
162,10.0,10.0,43.0,1.0,0.10019457304,-0.271682862157,5.0,g10t10,10.0,10.0,2.0,4.0,4.0,2.0,2.0,4.0,3.0,3.0,0.0,1.0,1.0
163,10.0,10.0,44.0,0.0,0.111663448097,0.256051829734,1.0,g10t10,10.0,10.0,2.0,4.0,4.0,4.0,5.0,4.0,3.0,2.0,2.0,0.0,4.0
164,11.0,10.0,13.0,1.0,0.106806437603,0.490067224181,2.0,g10t11,10.0,11.0,0.0,5.0,0.0,5.0,5.0,5.0,4.0,5.0,0.0,0.0,0.0
165,11.0,10.0,11.0,0.0,0.128123907427,-0.516360448449,1.0,g10t11,10.0,11.0,0.0,5.0,0.0,5.0,5.0,5.0,5.0,5.0,0.0,1.0,0.0
166,12.0,10.0,12.0,1.0,0.104971492582,-0.38042088476,5.0,g10t12,10.0,12.0,1.0,4.0,2.0,4.0,4.0,4.0,4.0,4.0,0.0,1.0,0.0
167,12.0,10.0,12.0,0.0,0.0957103202774,0.135987621377,0.0,g10t12,10.0,12.0,1.0,4.0,2.0,5.0,5.0,5.0,3.0,4.0,0.0,0.0,0.0
168,13.0,10.0,21.0,1.0,0.10385287766,-0.21215721369,1.0,g10t13,10.0,13.0,1.0,5.0,1.0,5.0,5.0,5.0,3.0,5.0,0.0,0.0,0.0
169,13.0,10.0,19.0,0.0,0.090503923311,-0.205692091309,4.0,g10t13,10.0,13.0,1.0,5.0,1.0,4.0,4.0,4.0,3.0,5.0,0.0,0.0,1.0
170,14.0,10.0,12.0,1.0,0.098246616924,0.600617835484,0.0,g10t14,10.0,14.0,1.0,5.0,3.0,4.0,4.0,5.0,3.0,2.0,0.0,0.0,0.0
171,14.0,10.0,13.0,0.0,0.0884326706959,0.600617835484,0.0,g10t14,10.0,14.0,1.0,5.0,3.0,5.0,4.0,4.0,3.0,5.0,0.0,2.0,0.0
172,3.0,11.0,10.0,1.0,0.0951743529304,0.550830865568,0.0,g11t3,11.0,3.0,4.0,4.0,3.0,5.0,3.0,5.0,2.0,5.0,1.0,0.0,0.0
173,3.0,11.0,10.0,0.0,0.124841479946,0.568794908669,1.0,g11t3,11.0,3.0,4.0,4.0,3.0,4.0,3.0,4.0,4.0,4.0,2.0,1.0,1.0
174,4.0,11.0,8.0,1.0,0.106585558938,-0.306664699805,1.0,g11t4,11.0,4.0,1.0,5.0,1.0,5.0,5.0,5.0,3.0,5.0,0.0,0.0,0.0
175,4.0,11.0,8.0,0.0,0.079744674507,-0.549732566945,3.0,g11t4,11.0,4.0,1.0,5.0,1.0,5.0,5.0,5.0,3.0,5.0,0.0,0.0,0.0
176,6.0,11.0,5.0,1.0,0.167542641965,0.702056388052,1.0,g11t6,11.0,6.0,2.0,4.0,2.0,5.0,4.0,5.0,4.0,3.0,3.0,0.0,0.0
177,6.0,11.0,5.0,0.0,0.0947495465919,0.497343923671,0.0,g11t6,11.0,6.0,2.0,4.0,2.0,4.0,5.0,3.0,1.0,3.0,0.0,2.0,2.0
178,7.0,11.0,8.0,1.0,0.197476129577,-0.537742055795,2.0,g11t7,11.0,7.0,0.0,4.0,0.0,4.0,3.0,5.0,2.0,4.0,3.0,0.0,0.0
179,7.0,11.0,8.0,0.0,0.100339316388,0.402056852823,0.0,g11t7,11.0,7.0,0.0,4.0,0.0,4.0,4.0,3.0,1.0,5.0,0.0,1.0,3.0
180,9.0,11.0,5.0,1.0,0.0711752853854,0.117524992323,0.0,g11t9,11.0,9.0,1.0,5.0,0.0,5.0,5.0,5.0,5.0,3.0,2.0,0.0,0.0
181,9.0,11.0,5.0,0.0,0.108136602756,-0.646662801761,1.0,g11t9,11.0,9.0,1.0,5.0,0.0,5.0,5.0,5.0,4.0,4.0,1.0,0.0,0.0
182,10.0,11.0,5.0,1.0,0.24461916305,0.523343170495,0.0,g11t10,11.0,10.0,2.0,2.0,2.0,4.0,3.0,5.0,2.0,4.0,3.0,0.0,0.0
183,10.0,11.0,8.0,0.0,0.108587473778,0.523343170495,0.0,g11t10,11.0,10.0,2.0,2.0,2.0,4.0,3.0,3.0,2.0,4.0,0.0,1.0,0.0
184,11.0,11.0,7.0,1.0,0.0936820375392,-0.367044703871,0.0,g11t11,11.0,11.0,1.0,5.0,1.0,4.0,3.0,5.0,3.0,3.0,2.0,0.0,0.0
185,11.0,11.0,7.0,0.0,0.144798734282,-0.599309007056,3.0,g11t11,11.0,11.0,1.0,5.0,1.0,5.0,3.0,4.0,3.0,3.0,2.0,2.0,1.0
186,13.0,11.0,10.0,1.0,0.0884093561639,0.348811503373,2.0,g11t13,11.0,13.0,3.0,4.0,3.0,3.0,4.0,5.0,1.0,2.0,1.0,0.0,0.0
187,13.0,11.0,10.0,0.0,0.107857365156,0.547279432826,4.0,g11t13,11.0,13.0,3.0,4.0,3.0,4.0,5.0,4.0,2.0,3.0,0.0,1.0,0.0
188,14.0,11.0,8.0,1.0,0.198288720805,0.561164098899,1.0,g11t14,11.0,14.0,1.0,5.0,2.0,5.0,5.0,4.0,4.0,4.0,0.0,0.0,0.0
189,14.0,11.0,11.0,0.0,0.111407913878,-0.179541924012,5.0,g11t14,11.0,14.0,1.0,5.0,2.0,3.0,2.0,4.0,1.0,2.0,0.0,1.0,0.0
190,1.0,12.0,7.0,1.0,0.247002848796,0.817425545516,2.0,g12t1,12.0,1.0,0.0,4.0,2.0,4.0,4.0,4.0,2.0,3.0,0.0,3.0,0.0
191,1.0,12.0,5.0,0.0,0.174277969096,-0.285807996279,1.0,g12t1,12.0,1.0,0.0,4.0,2.0,5.0,5.0,5.0,5.0,5.0,0.0,1.0,0.0
192,4.0,12.0,11.0,1.0,0.202206304487,0.6925658201,1.0,g12t4,12.0,4.0,1.0,4.0,3.0,4.0,5.0,4.0,2.0,4.0,1.0,1.0,0.0
193,4.0,12.0,10.0,0.0,0.166996568116,0.425369218913,0.0,g12t4,12.0,4.0,1.0,4.0,3.0,5.0,4.0,4.0,4.0,4.0,1.0,0.0,0.0
194,6.0,12.0,5.0,1.0,0.135210053612,-0.65826171767,1.0,g12t6,12.0,6.0,1.0,5.0,0.0,4.0,4.0,5.0,4.0,4.0,0.0,0.0,1.0
195,6.0,12.0,5.0,0.0,0.135605270001,0.511220775716,1.0,g12t6,12.0,6.0,1.0,5.0,0.0,5.0,5.0,5.0,4.0,5.0,0.0,0.0,0.0
196,8.0,12.0,7.0,1.0,0.15220892783,-0.668625425649,0.0,g12t8,12.0,8.0,2.0,3.0,1.0,5.0,5.0,5.0,3.0,5.0,1.0,0.0,1.0
197,8.0,12.0,10.0,0.0,0.193304952873,-0.668625425649,0.0,g12t8,12.0,8.0,2.0,3.0,1.0,5.0,5.0,4.0,3.0,4.0,2.0,2.0,1.0
198,9.0,12.0,11.0,1.0,0.178934904593,0.669906924094,6.0,g12t9,12.0,9.0,1.0,5.0,2.0,4.0,4.0,4.0,3.0,4.0,0.0,0.0,1.0
199,9.0,12.0,6.0,0.0,0.228329409252,-0.239516046622,0.0,g12t9,12.0,9.0,1.0,5.0,2.0,5.0,4.0,5.0,3.0,4.0,0.0,0.0,0.0
200,10.0,12.0,11.0,1.0,0.203874638267,0.215606774902,2.0,g12t10,12.0,10.0,0.0,5.0,2.0,4.0,2.0,4.0,3.0,3.0,1.0,2.0,1.0
201,10.0,12.0,11.0,0.0,0.178343766571,-0.393523637611,5.0,g12t10,12.0,10.0,0.0,5.0,2.0,4.0,4.0,5.0,2.0,3.0,1.0,0.0,0.0
202,11.0,12.0,12.0,1.0,0.196433930029,-0.812015194625,5.0,g12t11,12.0,11.0,3.0,3.0,4.0,4.0,4.0,4.0,0.0,2.0,0.0,0.0,0.0
203,11.0,12.0,10.0,0.0,0.166227935253,-0.334158271751,3.0,g12t11,12.0,11.0,3.0,3.0,4.0,4.0,4.0,5.0,4.0,3.0,0.0,0.0,0.0
204,12.0,12.0,8.0,1.0,0.15620255887,0.437719790641,4.0,g12t12,12.0,12.0,1.0,4.0,2.0,3.0,3.0,5.0,4.0,4.0,0.0,0.0,0.0
205,12.0,12.0,8.0,0.0,0.170143011762,0.427963292982,0.0,g12t12,12.0,12.0,1.0,4.0,2.0,5.0,4.0,4.0,4.0,4.0,0.0,0.0,0.0
206,13.0,12.0,11.0,1.0,0.173326449357,-0.39131767233,1.0,g12t13,12.0,13.0,3.0,3.0,3.0,3.0,3.0,4.0,3.0,4.0,0.0,2.0,3.0
207,13.0,12.0,6.0,0.0,0.190112865457,-0.604790730458,3.0,g12t13,12.0,13.0,3.0,3.0,3.0,4.0,4.0,5.0,3.0,3.0,1.0,0.0,0.0
208,14.0,12.0,10.0,1.0,0.188635659721,-0.533576782871,2.0,g12t14,12.0,14.0,4.0,1.0,1.0,2.0,3.0,5.0,2.0,2.0,1.0,0.0,1.0
209,14.0,12.0,12.0,0.0,0.174517438751,0.399631678664,0.0,g12t14,12.0,14.0,4.0,1.0,1.0,2.0,4.0,4.0,3.0,3.0,0.0,1.0,0.0
